Postalcode,Borough,Neighborhood,City,City1,City2
G1A,Quebec Provincial Government,Quebec Provincial Government,Quebec City,"Quebec City, Quebec","Quebec City, QC"
G2A,North Loretteville,North Loretteville,Quebec City,"Quebec City, Quebec","Quebec City, QC"
G3A,Saint-Augustin-de-Desmaures,Saint-Augustin-de-Desmaures,Quebec City,"Quebec City, Quebec","Quebec City, QC"
G4A,Clermont,Clermont,Quebec City,"Quebec City, Quebec","Quebec City, QC"
G5A,La Malbaie,La Malbaie,Quebec City,"Quebec City, Quebec","Quebec City, QC"
G6A,Saint-Georges,Saint-Georges Northwest,Quebec City,"Quebec City, Quebec","Quebec City, QC"
G7A,Lévis,Lévis,Quebec City,"Quebec City, Quebec","Quebec City, QC"
G8A,Saguenay,West Jonquière,Quebec City,"Quebec City, Quebec","Quebec City, QC"
G9A,Trois-Rivières,Trois-Rivières East,Quebec City,"Quebec City, Quebec","Quebec City, QC"
G1B,Beauport North,Beauport North,Quebec City,"Quebec City, Quebec","Quebec City, QC"
G2B,Loretteville South,Loretteville South,Quebec City,"Quebec City, Quebec","Quebec City, QC"
G3B,Lac-Beauport,Lac-Beauport,Quebec City,"Quebec City, Quebec","Quebec City, QC"
G5B,Port-Cartier,Port-Cartier,Quebec City,"Quebec City, Quebec","Quebec City, QC"
G6B,Lac-Mégantic,Frontenac,Quebec City,"Quebec City, Quebec","Quebec City, QC"
G7B,Saguenay,La Baie,Quebec City,"Quebec City, Quebec","Quebec City, QC"
G8B,Alma,Alma Southeast,Quebec City,"Quebec City, Quebec","Quebec City, QC"
G9B,Trois-Rivières,Trois-Rivières South,Quebec City,"Quebec City, Quebec","Quebec City, QC"
G1C,Central Beauport,Central Beauport,Quebec City,"Quebec City, Quebec","Quebec City, QC"
G2C,Quebec City Northwest,Quebec City Northwest,Quebec City,"Quebec City, Quebec","Quebec City, QC"
G3C,Stoneham-et-Tewkesbury,Lac-Delage,Quebec City,"Quebec City, Quebec","Quebec City, QC"
G5C,Baie-Comeau,Baie-Comeau Southwest,Quebec City,"Quebec City, Quebec","Quebec City, QC"
G6C,Lévis,Lévis,Quebec City,"Quebec City, Quebec","Quebec City, QC"
G8C,Alma,Alma Southwest,Quebec City,"Quebec City, Quebec","Quebec City, QC"
G9C,Trois-Rivières,Trois-Rivières West,Quebec City,"Quebec City, Quebec","Quebec City, QC"
G1E,Beauport South,Beauport South,Quebec City,"Quebec City, Quebec","Quebec City, QC"
G2E,L'Ancienne-Lorette,L'Ancienne-Lorette,Quebec City,"Quebec City, Quebec","Quebec City, QC"
G3E,Saint-Émile,Saint-Émile,Quebec City,"Quebec City, Quebec","Quebec City, QC"
G6E,Sainte-Marie,Sainte-Marie,Quebec City,"Quebec City, Quebec","Quebec City, QC"
G8E,Alma,Alma North,Quebec City,"Quebec City, Quebec","Quebec City, QC"
G1G,Charlesbourg  Orsainville,Charlesbourg  Orsainville,Quebec City,"Quebec City, Quebec","Quebec City, QC"
G2G,L'Ancienne-Lorette & co,"L'Ancienne-Lorette, YQB",Quebec City,"Quebec City, Quebec","Quebec City, QC"
G3G,Lac-Saint-Charles,Lac-Saint-Charles,Quebec City,"Quebec City, Quebec","Quebec City, QC"
G6G,Thetford Mines,Saint-Jean-de-Brébeuf,Quebec City,"Quebec City, Quebec","Quebec City, QC"
G7G,Saguenay,North Chicoutimi,Quebec City,"Quebec City, Quebec","Quebec City, QC"
G8G,Métabetchouan–Lac-à-la-Croix,Métabetchouan–Lac-à-la-Croix,Quebec City,"Quebec City, Quebec","Quebec City, QC"
G1H,South Charlesbourg,South Charlesbourg,Quebec City,"Quebec City, Quebec","Quebec City, QC"
G3H,Pont-Rouge,Pont-Rouge,Quebec City,"Quebec City, Quebec","Quebec City, QC"
G5H,Mont-Joli,Saint-Joseph-de-Lepage,Quebec City,"Quebec City, Quebec","Quebec City, QC"
G6H,Thetford Mines,Irlande,Quebec City,"Quebec City, Quebec","Quebec City, QC"
G7H,Saguenay,East Chicoutimi,Quebec City,"Quebec City, Quebec","Quebec City, QC"
G8H,Roberval,Roberval,Quebec City,"Quebec City, Quebec","Quebec City, QC"
G9H,Bécancour,Bécancour,Quebec City,"Quebec City, Quebec","Quebec City, QC"
G1J,Lower Riverbank,Lower Riverbank,Quebec City,"Quebec City, Quebec","Quebec City, QC"
G2J,Inner North,Inner North,Quebec City,"Quebec City, Quebec","Quebec City, QC"
G3J,Val-Bélair North,Val-Bélair North,Quebec City,"Quebec City, Quebec","Quebec City, QC"
G5J,Amqui,Amqui,Quebec City,"Quebec City, Quebec","Quebec City, QC"
G6J,Lévis,Lévis,Quebec City,"Quebec City, Quebec","Quebec City, QC"
G7J,Saguenay,Chicoutimi West,Quebec City,"Quebec City, Quebec","Quebec City, QC"
G8J,Saint-Prime,La Doré,Quebec City,"Quebec City, Quebec","Quebec City, QC"
G1K,Notre-Dame-des-Anges,Notre-Dame-des-Anges,Quebec City,"Quebec City, Quebec","Quebec City, QC"
G2K,Outer North,Outer North,Quebec City,"Quebec City, Quebec","Quebec City, QC"
G3K,South Val-Bélair,South Val-Bélair,Quebec City,"Quebec City, Quebec","Quebec City, QC"
G6K,Lévis,Lévis,Quebec City,"Quebec City, Quebec","Quebec City, QC"
G7K,Saguenay,Southwest Chicoutimi,Quebec City,"Quebec City, Quebec","Quebec City, QC"
G8K,Saint-Félicien,Saint-Félicien,Quebec City,"Quebec City, Quebec","Quebec City, QC"
G1L,Quebec City Northeast,Quebec City Northeast,Quebec City,"Quebec City, Quebec","Quebec City, QC"
G2L,Charlesbourg  Bourg-Royal,Charlesbourg  Bourg-Royal,Quebec City,"Quebec City, Quebec","Quebec City, QC"
G3L,Saint-Raymond,Saint-Raymond,Quebec City,"Quebec City, Quebec","Quebec City, QC"
G5L,Rimouski,Rimouski Central,Quebec City,"Quebec City, Quebec","Quebec City, QC"
G6L,Plessisville,Princeville,Quebec City,"Quebec City, Quebec","Quebec City, QC"
G8L,Dolbeau-Mistassini,Saint-Stanislas,Quebec City,"Quebec City, Quebec","Quebec City, QC"
G1M,North Central,North Central,Quebec City,"Quebec City, Quebec","Quebec City, QC"
G2M,Quebec City Northeast,Quebec City Northeast,Quebec City,"Quebec City, Quebec","Quebec City, QC"
G3M,Donnacona,Donnacona,Quebec City,"Quebec City, Quebec","Quebec City, QC"
G5M,Rimouski,Rimouski Northeast,Quebec City,"Quebec City, Quebec","Quebec City, QC"
G8M,Normandin,Albanel,Quebec City,"Quebec City, Quebec","Quebec City, QC"
G1N,South Central,South Central,Quebec City,"Quebec City, Quebec","Quebec City, QC"
G2N,Quebec City West,Quebec City West,Quebec City,"Quebec City, Quebec","Quebec City, QC"
G3N,Sainte-Catherine-de-la-Jacques-Cartier,"Fossambault-sur-le-Lac, Lac-Saint-Joseph",Quebec City,"Quebec City, Quebec","Quebec City, QC"
G5N,Rimouski,Rimouski Southwest,Quebec City,"Quebec City, Quebec","Quebec City, QC"
G7N,Saguenay,Laterrière,Quebec City,"Quebec City, Quebec","Quebec City, QC"
G8N,Hébertville,Hébertville,Quebec City,"Quebec City, Quebec","Quebec City, QC"
G9N,Shawinigan,Shawinigan Central,Quebec City,"Quebec City, Quebec","Quebec City, QC"
G1P,Quebec City West,Quebec City West,Quebec City,"Quebec City, Quebec","Quebec City, QC"
G6P,Victoriaville,Victoriaville Central,Quebec City,"Quebec City, Quebec","Quebec City, QC"
G7P,Saint-Ambroise,Saint-Ambroise,Quebec City,"Quebec City, Quebec","Quebec City, QC"
G8P,Chibougamau,Chibougamau,Quebec City,"Quebec City, Quebec","Quebec City, QC"
G9P,Shawinigan,Shawinigan Southeast,Quebec City,"Quebec City, Quebec","Quebec City, QC"
G1R,Saint-Louis-de-Gonzague-du-Cap-Tourmente,Saint-Louis-de-Gonzague-du-Cap-Tourmente,Quebec City,"Quebec City, Quebec","Quebec City, QC"
G4R,Sept-Îles,"Maliotenam, Uashat",Quebec City,"Quebec City, Quebec","Quebec City, QC"
G5R,Rivière-du-Loup,Rivière-du-Loup,Quebec City,"Quebec City, Quebec","Quebec City, QC"
G6R,Victoriaville,Saint-Christophe-d'Arthabaska,Quebec City,"Quebec City, Quebec","Quebec City, QC"
G9R,Shawinigan,Shawinigan Northwest,Quebec City,"Quebec City, Quebec","Quebec City, QC"
G1S,Quebec City South,Quebec City South,Quebec City,"Quebec City, Quebec","Quebec City, QC"
G3S,Shannon,Shannon,Quebec City,"Quebec City, Quebec","Quebec City, QC"
G4S,Sept-Îles,Sept-Îles Northwest,Quebec City,"Quebec City, Quebec","Quebec City, QC"
G6S,Victoriaville,Victoriaville East,Quebec City,"Quebec City, Quebec","Quebec City, QC"
G7S,Saguenay,Northeast Jonquière,Quebec City,"Quebec City, Quebec","Quebec City, QC"
G1T,Upper Riverbank,Upper Riverbank,Quebec City,"Quebec City, Quebec","Quebec City, QC"
G4T,Les Îles-de-la-Madeleine,Grosse-Île,Quebec City,"Quebec City, Quebec","Quebec City, QC"
G5T,Dégelis,Dégelis,Quebec City,"Quebec City, Quebec","Quebec City, QC"
G6T,Victoriaville,Victoriaville Northwest,Quebec City,"Quebec City, Quebec","Quebec City, QC"
G7T,Saguenay,Southeast Jonquière,Quebec City,"Quebec City, Quebec","Quebec City, QC"
G8T,Trois-Rivières,Central and southeast,Quebec City,"Quebec City, Quebec","Quebec City, QC"
G9T,Shawinigan,Grand-Mère,Quebec City,"Quebec City, Quebec","Quebec City, QC"
G1V,Northeast Sainte-Foy,Northeast Sainte-Foy,Quebec City,"Quebec City, Quebec","Quebec City, QC"
G4V,Sainte-Anne-des-Monts,Sainte-Anne-des-Monts,Quebec City,"Quebec City, Quebec","Quebec City, QC"
G5V,Montmagny,Montmagny,Quebec City,"Quebec City, Quebec","Quebec City, QC"
G6V,Lévis,Lévis North,Quebec City,"Quebec City, Quebec","Quebec City, QC"
G8V,Trois-Rivières,Trois-Rivières Northeast,Quebec City,"Quebec City, Quebec","Quebec City, QC"
G1W,Southeast Sainte-Foy,Southeast Sainte-Foy,Quebec City,"Quebec City, Quebec","Quebec City, QC"
G4W,Matane,Matane,Quebec City,"Quebec City, Quebec","Quebec City, QC"
G6W,Lévis,Lévis South,Quebec City,"Quebec City, Quebec","Quebec City, QC"
G8W,Trois-Rivières,Trois-Rivières West,Quebec City,"Quebec City, Quebec","Quebec City, QC"
G1X,West Sainte-Foy,West Sainte-Foy,Quebec City,"Quebec City, Quebec","Quebec City, QC"
G4X,Gaspé,Gaspé,Quebec City,"Quebec City, Quebec","Quebec City, QC"
G5X,Beauceville,Beauceville,Quebec City,"Quebec City, Quebec","Quebec City, QC"
G6X,Lévis,Lévis,Quebec City,"Quebec City, Quebec","Quebec City, QC"
G7X,Saguenay,Central Jonquière,Quebec City,"Quebec City, Quebec","Quebec City, QC"
G9X,La Tuque,La Bostonnais,Quebec City,"Quebec City, Quebec","Quebec City, QC"
G1Y,Cap-Rouge,Cap-Rouge,Quebec City,"Quebec City, Quebec","Quebec City, QC"
G5Y,Saint-Georges,Saint-Georges Central,Quebec City,"Quebec City, Quebec","Quebec City, QC"
G6Y,Lévis,Lévis,Quebec City,"Quebec City, Quebec","Quebec City, QC"
G7Y,Saguenay,Southwest Jonquière,Quebec City,"Quebec City, Quebec","Quebec City, QC"
G8Y,Trois-Rivières,Trois-Rivières Central,Quebec City,"Quebec City, Quebec","Quebec City, QC"
G3Z,Baie-Saint-Paul,Baie-Saint-Paul,Quebec City,"Quebec City, Quebec","Quebec City, QC"
G4Z,Baie-Comeau,Baie-Comeau Northeast,Quebec City,"Quebec City, Quebec","Quebec City, QC"
G5Z,Saint-Georges,Saint-Georges Southeast,Quebec City,"Quebec City, Quebec","Quebec City, QC"
G6Z,Lévis,Lévis,Quebec City,"Quebec City, Quebec","Quebec City, QC"
G7Z,Saguenay,Northwest Jonquière,Quebec City,"Quebec City, Quebec","Quebec City, QC"
G8Z,Trois-Rivières,Trois-Rivières Northeast,Quebec City,"Quebec City, Quebec","Quebec City, QC"
G0A,Sainte-Christine-d'Auvergne,"Beaupré, Boischatel, Cap-Santé, Château-Richer, Deschambault-Grondines, Deschambault-Grondines, L'Isle-aux-Coudres, L'Isle-aux-Coudres, Lac-Sergent, L'Ange-Gardien, Petite-Rivière-Saint-François, Les Éboulements, Neuville, Portneuf, Rivière-à-Pierre, Saint-Alban, Sainte-Anne-de-Beaupré, Saint-Basile, L'Isle-aux-Coudres, Sainte-Brigitte-de-Laval, Saint-Casimir, Sainte-Famille-de-l'Île-d'Orléans, Saint-Ferréol-les-Neiges, Saint-François-de-l'Île-d'Orléans, Saint-Gilbert, Saint-Hilarion, Saint-Jean-de-l'Île-d'Orléans, Saint-Joachim, Les Éboulements, Saint-Laurent-de-l'Île-d'Orléans, Saint-Léonard-de-Portneuf, Saint-Marc-des-Carrières, Sainte-Pétronille, Saint-Pierre-de-l'Île-d'Orléans, Saint-Thuribe, Saint-Tite-des-Caps, Saint-Urbain, Saint-Ubalde, Saint-Gabriel-de-Valcartier, Wendake, Saint-Gabriel-de-Valcartier, CFB Valcartier",Quebec City,"Quebec City, Quebec","Quebec City, QC"
G0C,Percé,"New Richmond, Bonaventure, Percé, Caplan, Carleton-sur-Mer, Chandler, Pointe-à-la-Croix, Escuminac, Port-Daniel–Gascons, Cascapédia–Saint-Jules, Grande-Rivière, Grande-Rivière, Pointe-à-la-Croix, Maria, Gesgapegiag, New Carlisle, Chandler, New Richmond, Nouvelle, Nouvelle, Chandler, Chandler, Paspébiac, Hope, Percé, Escuminac, Port-Daniel–Gascons, Listuguj, Saint-Alphonse, Saint-Elzéar, Percé, Hope, Carleton-sur-Mer, Saint-Siméon, Sainte-Thérèse-de-Gaspé, Saint-Godefroi, Hope Town, Shigawake, Percé",Quebec City,"Quebec City, Quebec","Quebec City, QC"
G0E,La Martre,"Cloridorme, Grande-Vallée, Saint-Maxime-du-Mont-Louis, Sainte-Madeleine-de-la-Rivière-Madeleine, Sainte-Madeleine-de-la-Rivière-Madeleine, Marsoui, Saint-Maxime-du-Mont-Louis, Mont-Saint-Pierre, Murdochville, Petite-Vallée, Rivière-à-Claude, Sainte-Madeleine-de-la-Rivière-Madeleine, Rivière-à-Claude, Saint-Maxime-du-Mont-Louis, La Martre",Quebec City,"Quebec City, Quebec","Quebec City, QC"
G0G,Aguanish,"Baie-Johan-Beetz, Blanc-Sablon, Blanc-Sablon, Côte-Nord-du-Golfe-du-Saint-Laurent, Sept-Îles, Fermont, Sept-Îles, La Romaine, Côte-Nord-du-Golfe-du-Saint-Laurent, Havre-Saint-Pierre, Aguanish, Côte-Nord-du-Golfe-du-Saint-Laurent, Gros-Mécatina, Longue-Pointe-de-Mingan, Blanc-Sablon, Rivière-Saint-Jean, Bonne-Espérance, Sept-Îles, Gros-Mécatina, Nutashkuan, Natashquan, Bonne-Espérance, Rivière-au-Tonnerre, Rivière-Saint-Jean, Bonne-Espérance, Saint-Augustin, Matimekosh, Schefferville, Rivière-au-Tonnette, Côte-Nord-du-Golfe-du-Saint-Laurent, L'Île-d'Anticosti, Kawawachikamach",Quebec City,"Quebec City, Quebec","Quebec City, QC"
G0H,Baie-Trinité,"Pessamit, Chute-aux-Outardes, Franquelin, Godbout, Pointe-aux-Outardes, Pointe-Lebel, Colombier, Port-Cartier, Ragueneau",Quebec City,"Quebec City, Quebec","Quebec City, QC"
G0J,Albertville,"Baie-des-Sables, Cap-Chat, Cap-Chat, Cap-Chat, Causapscal, Grosses-Roches, Lac-au-Saumon, Saint-Zénon-du-Lac-Humqui, La Rédemption, L'Ascension-de-Patapédia, Métis-sur-Mer, Les Méchins, Matapédia, Ristigouche-Sud-Est, Padoue, Price, Grand-Métis, Routhierville, Saint-Adelme, Saint-Alexandre-des-Lacs, Saint-Alexis-de-Matapédia, Saint-André-de-Restigouche, Sainte-Angèle-de-Mérici, Saint-Damase, Sainte-Félicité, Sainte-Flavie, Sainte-Florence, Saint-François-d'Assise, Sainte-Irène, Saint-Jean-de-Cherbourg, Sainte-Jeanne-d'Arc, Saint-Léandre, Saint-Léon-le-Grand, Sainte-Marguerite-Marie, Saint-Moïse, Saint-Noël, Saint-Octave-de-Métis, Sainte-Paule, Saint-René-de-Matane, Saint-Tharcisius, Saint-Ulric, Saint-Vianney, Sayabec, Val-Brillant, Saint-Cléophas",Quebec City,"Quebec City, Quebec","Quebec City, QC"
G0K,Esprit-Saint,"La Trinité-des-Monts, Les Hauteurs, Saint-Anaclet-de-Lessard, Saint-Charles-Garnier, Saint-Donat, Saint-Gabriel-de-Rimouski, Sainte-Luce, Saint-Marcellin, Saint-Narcisse-de-Rimouski, Biencourt, Lac-des-Aigles, Lac-des-Aigles",Quebec City,"Quebec City, Quebec","Quebec City, QC"
G0L,Auclair,"Rimouski, Témiscouata-sur-le-Lac, Cacouna, Pohénégamook, L'Isle-Verte, Notre-Dame-des-Sept-Douleurs, L'Isle-Verte, Kamouraska, Saint-Eugène-de-Ladrière, Lejeune, Saint-Marc-du-Lac-Long, Saint-Juste-du-Lac, Mont-Carmel, Témiscouata-sur-le-Lac, Notre-Dame-du-Portage, Packington, Rivière-Bleue, Rivière-Ouelle, Notre-Dame-des-Neiges, Saint-Alexandre-de-Kamouraska, Saint-André-de-Kamouraska, Saint-Antonin, Saint-Arsène, Saint-Athanase, Saint-Bruno-de-Kamouraska, Saint-Clément, Saint-Cyprien, Saint-Denis-De La Bouteillerie, Saint-Éloi, Saint-Elzéar-de-Témiscouata, Saint-Épiphane, Saint-Eusèbe, Saint-Fabien, Sainte-Françoise, Saint-François-Xavier-de-Viger, Saint-Gabriel-Lalemant, Saint-Germain-de-Kamouraska, Sainte-Hélène-de-Kamouraska, Saint-Honoré-de-Temiscouata, Saint-Hubert-de-Rivière-du-Loup, Saint-Jean-de-Dieu, Saint-Jean-de-la-Lande, Saint-Joseph-de-Kamouraska, Saint-Juste-du-Lac, Saint-Louis-du-Ha! Ha!, Saint-Mathieu-de-Rioux, Saint-Médard, Saint-Modeste, Saint-Pacôme, Saint-Pascal, Saint-Paul-de-la-Croix, Saint-Philippe-de-Néri, Saint-Pierre-de-Lamy, Saint-Simon-de-Rimouski, Saint-Valérien, Sainte-Rita, Saint-Michel-du-Squatec, Trois-Pistoles",Quebec City,"Quebec City, Quebec","Quebec City, QC"
G0M,Saint-Martin,"Courcelles-Saint-Évariste, La Guadeloupe, Saint-Hilaire-de-Dorset, Lambton, Saint-Côme–Linière, Notre-Dame-des-Pins, Saint-Simon-les-Mines, Saint-Alfred, Sainte-Aurélie, Saint-Benjamin, Saint-Benoît-Labre, Lac-Poulin, Saint-Éphrem-de-Beauce, Courcelles-Saint-Évariste, Saint-Gédéon-de-Beauce, Saint-Honoré-de-Shenley, Saint-Ludger, Saint-Philibert, Saint-Prosper, Saint-René, Saint-Théophile, Saint-Victor, Saint-Zacharie, Saint-Robert-Bellarmin",Quebec City,"Quebec City, Quebec","Quebec City, QC"
G0N,Saint-Joseph-de-Coleraine,"Saint-Julien, Sainte-Clotilde-de-Beauce, Disraeli, Sainte-Praxède, Saint-Jacques-le-Majeur-de-Wolfestown, Sacré-Cœur-de-Jésus, East Broughton, Saint-Jacques-de-Leeds, Kinnear's Mills, Saint-Adrien-d'Irlande, Saint-Ferdinand, Saint-Frédéric, Saint-Jules, Adstock, Saint-Pierre-de-Broughton, Saint-Séverin, Tring-Jonction",Quebec City,"Quebec City, Quebec","Quebec City, QC"
G0P,Ham-Nord,"Saints-Martyrs-Canadiens, Saint-Norbert-d'Arthabaska, Notre-Dame-de-Ham, Saint-Fortunat, Sainte-Hélène-de-Chester, Chesterville, Saint-Pierre-Baptiste, Sainte-Sophie-d'Halifax, Saint-Valère",Quebec City,"Quebec City, Quebec","Quebec City, QC"
G0R,Armagh,"Saint-Cyprien, Beaumont, Berthier-sur-Mer, Notre-Dame-Auxiliatrice-de-Buckland, Cap-Saint-Ignace, Saint-Luc-de-Bellechasse, Frampton, Honfleur, Saint-Antoine-de-l'Isle-aux-Grues, Lac-Etchemin, Lac-Frontière, La Durantaye, L'Islet, Sainte-Justine, La Pocatière, Sainte-Anne-de-la-Pocatière, L'Islet, L'Islet, Notre-Dame-du-Rosaire, Saint-Fabien-de-Panet, Saint-Louis-de-Gonzague, Saint-Adalbert, Saint-Anselme, Sainte-Apolline-de-Patton, Saint-Aubert, Saint-Camille-de-Lellis, Saint-Charles-de-Bellechasse, Sainte-Claire, Saint-Cyrille-de-Lessard, Saint-Damase-de-L'Islet, Saint-Damien-de-Buckland, Sainte-Euphémie-sur-Rivière-du-Sud, Saint-François-de-la-Rivière-du-Sud, Saint-Gervais, Saint-Henri, Saint-Jean-Port-Joli, Saint-Just-de-Bretenières, Saint-Lazare-de-Bellechasse, Sainte-Louise, Sainte-Lucie-de-Beauregard, Saint-Magloire, Saint-Malachie, Saint-Marcel, Saint-Michel-de-Bellechasse, Saint-Nazaire-de-Dorchester, Saint-Nérée-de-Bellechasse, Saint-Onésime-d'Ixworth, Saint-Pamphile, Saint-Paul-de-Montminy, Sainte-Perpétue, Saint-Philémon, Saint-Pierre-de-la-Rivière-du-Sud, Saint-Raphaël, Saint-Roch-des-Aulnaies, Sainte-Rose-de-Watford, Sainte-Sabine, Saint-Vallier, Saint-Léon-de-Standon, Tourville, Sainte-Felicité, Saint-Omer",Quebec City,"Quebec City, Quebec","Quebec City, QC"
G0S,Saint-Patrice-de-Beaurivage,"Deschaillons-sur-Saint-Laurent, Dosquet, Fortierville, Inverness, Notre-Dame-du-Sacré-Cœur-d'Issoudun, Saint-Janvier-de-Joly, Laurier-Station, Laurierville, Lotbinière, Notre-Dame-de-Lourdes, Lyster, Saint-Narcisse-de-Beaurivage, Parisville, Saint-Édouard-de-Lotbinière, Saint-Agapit, Sainte-Agathe-de-Lotbinière, Saint-Antoine-de-Tilly, Saint-Apollinaire, Saint-Bernard, Sainte-Croix, Saint-Elzéar, Leclercville, Saint-Flavien, Sainte-Françoise, Saint-Gilles, Sainte-Hénédine, Saint-Isidore, Saint-Joseph-de-Beauce, Saint-Joseph-des-Érables, Saint-Lambert-de-Lauzon, Sainte-Marguerite, Saint-Odilon-de-Cranbourne, Saint-Sylvestre, Saints-Anges, Scott, Val-Alain, Vallée-Jonction, Villeroy",Quebec City,"Quebec City, Quebec","Quebec City, QC"
G0T,Baie-Sainte-Catherine,"Forestville, Les-Bergeronnes, Les Escoumins, Notre-Dame-des-Monts, Portneuf-sur-Mer, Saint-Aimé-des-Lacs, Saint-Irénée, Saint-Siméon, Sacré-Coeur, Longue-Rive, Tadoussac",Quebec City,"Quebec City, Quebec","Quebec City, QC"
G0V,Saguenay,"Bégin, Saint-David-de-Falardeau, Saint-Charles-de-Bourget, Ferland-et-Boilleau, L'Anse-Saint-Jean, Saint-Honoré, Saint-Félix-d'Otis, Petit-Saguenay, Rivière-Éternité, Saint-Fulgence, Sainte-Rose-du-Nord",Quebec City,"Quebec City, Quebec","Quebec City, QC"
G0W,Saint-Eugène-d'Argentenay,"Notre-Dame-de-Lorette, Mistissini, Sainte-Jeanne-d'Arc, Chambord, Chapais, Saint-Augustin, Saint-François-de-Sales, Desbiens, Saint-Thomas-Didyme, Girardville, Hébertville-Station, Lac-Bouchette, Lamarche, L'Ascension-de-Notre-Seigneur, Larouche, Saint-Ludger-de-Milot, Péribonka, Mashteuiatsh, Saint-André-du-Lac-Saint-Jean, Saint-Bruno, Saint-Edmond-les-Plaines, Saint-Gédéon, Sainte-Hedwidge, Labrecque, Sainte-Monique, Saint-Nazaire, Saint-Henri-de-Taillon, Obedjiwan, Oujé-Bougoumou",Quebec City,"Quebec City, Quebec","Quebec City, QC"
G0X,Batiscan,"Wôlinak, Champlain, Charette, Grandes-Piles, Hérouxville, Shawinigan, Lac-aux-Sables, Saint-Mathieu-du-Parc, La Tuque, Lemieux, Manseau, Notre-Dame-de-Montauban, Saint-Séverin, Trois-Rives, Saint-Roch-de-Mékinac, Saint-Adelphe, Sainte-Anne-de-la-Pérade, Saint-Barnabé, Saint-Boniface, Sainte-Cécile-de-Lévrard, Saint-Élie-de-Caxton, Saint-Étienne-des-Grès, Sainte-Geneviève-de-Batiscan, Shawinigan, Sainte-Marie-de-Blandford, Saint-Maurice, Saint-Narcisse, Saint-Pierre-les-Becquets, Saint-Prosper-de-Champlain, Saint-Sévère, Sainte-Sophie-de-Lévrard, Saint-Stanislas, Sainte-Thècle, Saint-Tite, Notre-Dame-du-Mont-Carmel, Saint-Luc-de-Vincennes, Yamachiche, La Tuque, Lac-Édouard, La Tuque, Wemotaci",Quebec City,"Quebec City, Quebec","Quebec City, QC"
G0Y,Audet,"Beaulac-Garthby, Lac-Drolet, Milan, Val-Racine, Nantes, Marston, Piopolis, Sainte-Cécile-de-Whitton, Saint-Romain, Saint-Sébastien, Stornoway, Stratford, Saint-Augustin-de-Woburn",Quebec City,"Quebec City, Quebec","Quebec City, QC"
G0Z,Aston-Jonction,"Saint-Louis-de-Blandford, Daveluyville, Maddington Falls, Sainte-Eulalie, Saint-Samuel, Saint-Sylvère, Saint-Wenceslas, Saint-Rosaire",Quebec City,"Quebec City, Quebec","Quebec City, QC"
H1A,Pointe-aux-Trembles,Pointe-aux-Trembles,Montreal,"Montreal, Quebec","Montreal, QC"
H2A,Saint-Michel,Saint-Michel,Montreal,"Montreal, Quebec","Montreal, QC"
H3A,Downtown & co,"Downtown, McGill University",Montreal,"Montreal, Quebec","Montreal, QC"
H4A,Notre-Dame-de-Grâce,Notre-Dame-de-Grâce,Montreal,"Montreal, Quebec","Montreal, QC"
H5A,Place Bonaventure,Place Bonaventure,Montreal,"Montreal, Quebec","Montreal, QC"
H7A,Laval,East Duvernay,Montreal,"Montreal, Quebec","Montreal, QC"
H9A,Dollard-des-Ormeaux,Dollard-des-Ormeaux Northwest,Montreal,"Montreal, Quebec","Montreal, QC"
H1B,Montréal-Est,Montréal-Est,Montreal,"Montreal, Quebec","Montreal, QC"
H2B,Sault-au-Récollet,Sault-au-Récollet,Montreal,"Montreal, Quebec","Montreal, QC"
H3B,Downtown,Downtown,Montreal,"Montreal, Quebec","Montreal, QC"
H4B,Notre-Dame-de-Grâce,Notre-Dame-de-Grâce,Montreal,"Montreal, Quebec","Montreal, QC"
H5B,Complexe Desjardins,Complexe Desjardins,Montreal,"Montreal, Quebec","Montreal, QC"
H7B,Laval,Saint-François,Montreal,"Montreal, Quebec","Montreal, QC"
H9B,Dollard-des-Ormeaux,Dollard-des-Ormeaux East,Montreal,"Montreal, Quebec","Montreal, QC"
H1C,Rivière-des-Prairies,Rivière-des-Prairies,Montreal,"Montreal, Quebec","Montreal, QC"
H2C,Ahuntsic,Ahuntsic,Montreal,"Montreal, Quebec","Montreal, QC"
H3C,Griffintown & co,"Griffintown, Île Notre-Dame, Île Sainte-Hélène",Montreal,"Montreal, Quebec","Montreal, QC"
H4C,Saint-Henri,Saint-Henri,Montreal,"Montreal, Quebec","Montreal, QC"
H7C,Laval,Saint-Vincent-de-Paul,Montreal,"Montreal, Quebec","Montreal, QC"
H9C,L'Île-Bizard,L'Île-Bizard,Montreal,"Montreal, Quebec","Montreal, QC"
H1E,Rivière-des-Prairies,Rivière-des-Prairies,Montreal,"Montreal, Quebec","Montreal, QC"
H2E,Villeray,Villeray,Montreal,"Montreal, Quebec","Montreal, QC"
H3E,L'Île-Des-Soeurs,L'Île-Des-Soeurs,Montreal,"Montreal, Quebec","Montreal, QC"
H4E,Ville Émard,Ville Émard,Montreal,"Montreal, Quebec","Montreal, QC"
H7E,Laval,Duvernay,Montreal,"Montreal, Quebec","Montreal, QC"
H9E,L'Île-Bizard,L'Île-Bizard,Montreal,"Montreal, Quebec","Montreal, QC"
H1G,Montréal-Nord,Montréal-Nord,Montreal,"Montreal, Quebec","Montreal, QC"
H2G,Petite-Patrie,Petite-Patrie,Montreal,"Montreal, Quebec","Montreal, QC"
H3G,Downtown & co,"Downtown, Concordia University",Montreal,"Montreal, Quebec","Montreal, QC"
H4G,Verdun,Verdun,Montreal,"Montreal, Quebec","Montreal, QC"
H7G,Laval,Pont-Viau,Montreal,"Montreal, Quebec","Montreal, QC"
H9G,Dollard-des-Ormeaux,Dollard-des-Ormeaux Southwest,Montreal,"Montreal, Quebec","Montreal, QC"
H0H,Santa Claus,Reserved0H0:Santa Claus,Montreal,"Montreal, Quebec","Montreal, QC"
H1H,Montréal-Nord,Montréal-Nord,Montreal,"Montreal, Quebec","Montreal, QC"
H2H,Plateau Mont-Royal,Plateau Mont-Royal,Montreal,"Montreal, Quebec","Montreal, QC"
H3H,Downtown,Downtown,Montreal,"Montreal, Quebec","Montreal, QC"
H4H,Verdun,Verdun,Montreal,"Montreal, Quebec","Montreal, QC"
H7H,Laval,West Auteuil,Montreal,"Montreal, Quebec","Montreal, QC"
H9H,Pierrefonds & co,"Pierrefonds, Sainte-Geneviève",Montreal,"Montreal, Quebec","Montreal, QC"
H1J,Anjou,Anjou,Montreal,"Montreal, Quebec","Montreal, QC"
H2J,Plateau Mont-Royal,Plateau Mont-Royal,Montreal,"Montreal, Quebec","Montreal, QC"
H3J,Petite-Bourgogne,Petite-Bourgogne,Montreal,"Montreal, Quebec","Montreal, QC"
H4J,Cartierville,Cartierville,Montreal,"Montreal, Quebec","Montreal, QC"
H7J,Laval,Northeast Auteuil,Montreal,"Montreal, Quebec","Montreal, QC"
H9J,Kirkland,Kirkland East,Montreal,"Montreal, Quebec","Montreal, QC"
H1K,Anjou,Anjou,Montreal,"Montreal, Quebec","Montreal, QC"
H2K,Centre-Sud & co,"Centre-Sud, Sainte-Marie",Montreal,"Montreal, Quebec","Montreal, QC"
H3K,Pointe-Saint-Charles,Pointe-Saint-Charles,Montreal,"Montreal, Quebec","Montreal, QC"
H4K,Cartierville,Cartierville,Montreal,"Montreal, Quebec","Montreal, QC"
H7K,Laval,South Auteuil,Montreal,"Montreal, Quebec","Montreal, QC"
H9K,Pierrefonds & co,"Pierrefonds, Kirkland",Montreal,"Montreal, Quebec","Montreal, QC"
H1L,Mercier,Mercier,Montreal,"Montreal, Quebec","Montreal, QC"
H2L,Centre-Sud & co,"Centre-Sud, Le Village",Montreal,"Montreal, Quebec","Montreal, QC"
H3L,Ahuntsic,Ahuntsic,Montreal,"Montreal, Quebec","Montreal, QC"
H4L,Saint-Laurent,Saint-Laurent,Montreal,"Montreal, Quebec","Montreal, QC"
H7L,Laval,Sainte-Rose,Montreal,"Montreal, Quebec","Montreal, QC"
H0M,Akwesasne,Region1A0 & 0A1:Akwesasne,Montreal,"Montreal, Quebec","Montreal, QC"
H1M,Mercier,Mercier,Montreal,"Montreal, Quebec","Montreal, QC"
H2M,Ahuntsic,Ahuntsic,Montreal,"Montreal, Quebec","Montreal, QC"
H3M,Cartierville,Cartierville,Montreal,"Montreal, Quebec","Montreal, QC"
H4M,Saint-Laurent,Saint-Laurent,Montreal,"Montreal, Quebec","Montreal, QC"
H7M,Laval,Vimont,Montreal,"Montreal, Quebec","Montreal, QC"
H1N,Mercier,Mercier,Montreal,"Montreal, Quebec","Montreal, QC"
H2N,Ahuntsic,Ahuntsic,Montreal,"Montreal, Quebec","Montreal, QC"
H3N,Parc-Extension,Parc-Extension,Montreal,"Montreal, Quebec","Montreal, QC"
H4N,Saint-Laurent,Saint-Laurent,Montreal,"Montreal, Quebec","Montreal, QC"
H7N,Laval,Laval-des-Rapides,Montreal,"Montreal, Quebec","Montreal, QC"
H8N,LaSalle,LaSalle,Montreal,"Montreal, Quebec","Montreal, QC"
H1P,Saint-Léonard,Saint-Léonard,Montreal,"Montreal, Quebec","Montreal, QC"
H2P,Villeray,Villeray,Montreal,"Montreal, Quebec","Montreal, QC"
H3P,Mount Royal,Mount Royal North,Montreal,"Montreal, Quebec","Montreal, QC"
H4P,Mount Royal,Mount Royal South,Montreal,"Montreal, Quebec","Montreal, QC"
H7P,Laval,Fabreville,Montreal,"Montreal, Quebec","Montreal, QC"
H8P,LaSalle,LaSalle,Montreal,"Montreal, Quebec","Montreal, QC"
H9P,Dorval,Outskirts,Montreal,"Montreal, Quebec","Montreal, QC"
H1R,Saint-Léonard,Saint-Léonard,Montreal,"Montreal, Quebec","Montreal, QC"
H2R,Villeray,Villeray,Montreal,"Montreal, Quebec","Montreal, QC"
H3R,Mount Royal,Mount Royal Central,Montreal,"Montreal, Quebec","Montreal, QC"
H4R,Saint-Laurent,Saint-Laurent,Montreal,"Montreal, Quebec","Montreal, QC"
H7R,Laval,Laval-sur-le-Lac,Montreal,"Montreal, Quebec","Montreal, QC"
H8R,LaSalle & co,"LaSalle, Ville Saint-Pierre",Montreal,"Montreal, Quebec","Montreal, QC"
H9R,Pointe-Claire,North Central,Montreal,"Montreal, Quebec","Montreal, QC"
H1S,Saint-Léonard,Saint-Léonard,Montreal,"Montreal, Quebec","Montreal, QC"
H2S,Petite-Patrie,Petite-Patrie,Montreal,"Montreal, Quebec","Montreal, QC"
H3S,Côte-des-Neiges,Côte-des-Neiges,Montreal,"Montreal, Quebec","Montreal, QC"
H4S,Saint-Laurent,Saint-Laurent,Montreal,"Montreal, Quebec","Montreal, QC"
H7S,Laval,Northeast Chomedey,Montreal,"Montreal, Quebec","Montreal, QC"
H8S,Lachine,Lachine,Montreal,"Montreal, Quebec","Montreal, QC"
H9S,Pointe-Claire,"Dorval, L'Île-Dorval",Montreal,"Montreal, Quebec","Montreal, QC"
H1T,Rosemont,Rosemont,Montreal,"Montreal, Quebec","Montreal, QC"
H2T,Plateau Mont-Royal,Plateau Mont-Royal,Montreal,"Montreal, Quebec","Montreal, QC"
H3T,Côte-des-Neiges & co,"Côte-des-Neiges, Université de Montréal",Montreal,"Montreal, Quebec","Montreal, QC"
H4T,Saint-Laurent,Saint-Laurent,Montreal,"Montreal, Quebec","Montreal, QC"
H7T,Laval,Northwest Chomedey,Montreal,"Montreal, Quebec","Montreal, QC"
H8T,Lachine,Lachine,Montreal,"Montreal, Quebec","Montreal, QC"
H1V,Maisonneuve,Maisonneuve,Montreal,"Montreal, Quebec","Montreal, QC"
H2V,Outremont,Outremont,Montreal,"Montreal, Quebec","Montreal, QC"
H3V,Côte-des-Neiges,Côte-des-Neiges,Montreal,"Montreal, Quebec","Montreal, QC"
H4V,Côte Saint-Luc,Côte Saint-Luc East,Montreal,"Montreal, Quebec","Montreal, QC"
H7V,Laval,East Chomedey,Montreal,"Montreal, Quebec","Montreal, QC"
H1W,Hochelaga,Hochelaga,Montreal,"Montreal, Quebec","Montreal, QC"
H2W,Plateau Mont-Royal,Plateau Mont-Royal,Montreal,"Montreal, Quebec","Montreal, QC"
H3W,Côte-des-Neiges,Côte-des-Neiges,Montreal,"Montreal, Quebec","Montreal, QC"
H4W,Côte Saint-Luc,Côte Saint-Luc West,Montreal,"Montreal, Quebec","Montreal, QC"
H7W,Laval,South Chomedey,Montreal,"Montreal, Quebec","Montreal, QC"
H9W,Beaconsfield,Beaconsfield,Montreal,"Montreal, Quebec","Montreal, QC"
H1X,Rosemont,Rosemont,Montreal,"Montreal, Quebec","Montreal, QC"
H2X,Plateau Mont-Royal,Plateau Mont-Royal,Montreal,"Montreal, Quebec","Montreal, QC"
H3X,Hampstead,"Montreal, Snowdon, Notre-Dame-de-Grâce",Montreal,"Montreal, Quebec","Montreal, QC"
H4X,Côte Saint-Luc,Montreal West,Montreal,"Montreal, Quebec","Montreal, QC"
H7X,Laval,Sainte-Dorothée,Montreal,"Montreal, Quebec","Montreal, QC"
H9X,Sainte-Anne-de-Bellevue,"Baie-D'Urfé, Senneville",Montreal,"Montreal, Quebec","Montreal, QC"
H1Y,Rosemont,Rosemont,Montreal,"Montreal, Quebec","Montreal, QC"
H2Y,Old Montreal,Old Montreal,Montreal,"Montreal, Quebec","Montreal, QC"
H3Y,Westmount,Westmount North,Montreal,"Montreal, Quebec","Montreal, QC"
H4Y,Dorval,YUL,Montreal,"Montreal, Quebec","Montreal, QC"
H7Y,Laval,Îles-Laval,Montreal,"Montreal, Quebec","Montreal, QC"
H8Y,Roxboro,Roxboro,Montreal,"Montreal, Quebec","Montreal, QC"
H1Z,Saint-Michel,Saint-Michel,Montreal,"Montreal, Quebec","Montreal, QC"
H2Z,Old Montreal & co,"Old Montreal, Downtown",Montreal,"Montreal, Quebec","Montreal, QC"
H3Z,Westmount,Westmount South,Montreal,"Montreal, Quebec","Montreal, QC"
H4Z,Tour de la Bourse,Tour de la Bourse,Montreal,"Montreal, Quebec","Montreal, QC"
H8Z,Pierrefonds,Pierrefonds,Montreal,"Montreal, Quebec","Montreal, QC"
K1A,Gatineau,Gatineau,Ottawa,"Ottawa, Ontario","Ottawa, ON"
K2A,Highland Park & co,"Highland Park, McKellar Heights, McKellar Park, Glabar Park, Carlingwood",Ottawa,"Ottawa, Ontario","Ottawa, ON"
K4A,Fallingbrook,Fallingbrook,Ottawa,"Ottawa, Ontario","Ottawa, ON"
K6A,Hawkesbury,Hawkesbury,Ottawa,"Ottawa, Ontario","Ottawa, ON"
K7A,Smiths Falls,Smiths Falls,Ottawa,"Ottawa, Ontario","Ottawa, ON"
K8A,Pembroke,Central and northern subdivisions,Ottawa,"Ottawa, Ontario","Ottawa, ON"
K9A,Cobourg,Cobourg,Ottawa,"Ottawa, Ontario","Ottawa, ON"
K1B,Blackburn Hamlet & co,"Blackburn Hamlet, Pine View, Sheffield Glen",Ottawa,"Ottawa, Ontario","Ottawa, ON"
K2B,Britannia & co,"Britannia, Foster Farm, Queensway Terrace North, Whitehaven, Bayshore, Woodpark",Ottawa,"Ottawa, Ontario","Ottawa, ON"
K4B,Navan,Navan,Ottawa,"Ottawa, Ontario","Ottawa, ON"
K8B,Pembroke,"Pleasant View, Fairview",Ottawa,"Ottawa, Ontario","Ottawa, ON"
K1C,Orleans & co,"Orleans, Chapel Hill, Chateauneuf, Convent Glen, Hiawatha Park, Orleans Village, Orleans Wood",Ottawa,"Ottawa, Ontario","Ottawa, ON"
K2C,Queensway Terrace South & co,"Queensway Terrace South, Ridgeview, Parkway Park, Kenson Park, Bel-Air Park, Braemar Park, Bel-Air Heights, Copeland Park, Central Park, Carleton Heights, Carleton University",Ottawa,"Ottawa, Ontario","Ottawa, ON"
K4C,Cumberland,Cumberland,Ottawa,"Ottawa, Ontario","Ottawa, ON"
K7C,Carleton Place,Carleton Place,Ottawa,"Ottawa, Ontario","Ottawa, ON"
K1E,Orleans & co,"Orleans, Queenswood Heights, Queenswood Village",Ottawa,"Ottawa, Ontario","Ottawa, ON"
K2E,Skyline & co,"Skyline, Fisher Heights, Parkwood Hills, Stewart Farm, Borden Farm, Fisher Glen, CitiPlace, Pineglen, Clearview, Country Place",Ottawa,"Ottawa, Ontario","Ottawa, ON"
K1G,Eastway Gardens & co,"Eastway Gardens, Riverview, Hawthorne, Elmvale Acres, Canterbury, Hunt Club Park",Ottawa,"Ottawa, Ontario","Ottawa, ON"
K2G,Briargreen & co,"Briargreen, Centrepointe, Ryan Farm, Algonquin College, Meadowlands, City View, Crestview, Craig Henry, Woodvale, Manordale, Tangelwood, Merivale Gardens, Grenfell Glen, Ashdale, Rideau Glen, Davidson Heights, Havenlea",Ottawa,"Ottawa, Ontario","Ottawa, ON"
K7G,Gananoque,Gananoque,Ottawa,"Ottawa, Ontario","Ottawa, ON"
K1H,Alta Vista & co,"Alta Vista, Billings Bridge",Ottawa,"Ottawa, Ontario","Ottawa, ON"
K2H,Bells Corners & co,"Bells Corners, Trend-Arlington, Redwood, Qualicum-Graham Park, Leslie Park, Crystal Beach, Lakeview, Rocky Point, Crystal Bay",Ottawa,"Ottawa, Ontario","Ottawa, ON"
K6H,Cornwall,Cornwall East,Ottawa,"Ottawa, Ontario","Ottawa, ON"
K7H,Perth,Perth,Ottawa,"Ottawa, Ontario","Ottawa, ON"
K8H,Petawawa,Petawawa,Ottawa,"Ottawa, Ontario","Ottawa, ON"
K9H,Peterborough,Peterborough Central,Ottawa,"Ottawa, Ontario","Ottawa, ON"
K1J,Beacon Hill & co,"Beacon Hill, Cyrville, Carson Grove",Ottawa,"Ottawa, Ontario","Ottawa, ON"
K2J,Barrhaven,Barrhaven,Ottawa,"Ottawa, Ontario","Ottawa, ON"
K6J,Cornwall,Cornwall West,Ottawa,"Ottawa, Ontario","Ottawa, ON"
K9J,Peterborough,Peterborough South,Ottawa,"Ottawa, Ontario","Ottawa, ON"
K1K,Overbrook & co,"Overbrook, Forbes, Manor Park, Viscount Alexander Park, Carson Meadows",Ottawa,"Ottawa, Ontario","Ottawa, ON"
K2K,Beaverbrook & co,"Beaverbrook, Morgan's Grant, Briar Brook, Kanata Lakes",Ottawa,"Ottawa, Ontario","Ottawa, ON"
K4K,Rockland,Rockland,Ottawa,"Ottawa, Ontario","Ottawa, ON"
K6K,Cornwall,Cornwall North,Ottawa,"Ottawa, Ontario","Ottawa, ON"
K7K,Kingston,"Pittsburgh Township, CFB Kingston, Rideau Heights",Ottawa,"Ottawa, Ontario","Ottawa, ON"
K9K,Peterborough,"Fairbairn Meadows, Jackson Heights",Ottawa,"Ottawa, Ontario","Ottawa, ON"
K1L,Vanier & co,"Vanier, McKay Lake",Ottawa,"Ottawa, Ontario","Ottawa, ON"
K2L,Katimavik-Hazeldean & co,"Katimavik-Hazeldean, Glen Cairn",Ottawa,"Ottawa, Ontario","Ottawa, ON"
K7L,Kingston,Princess St.,Ottawa,"Ottawa, Ontario","Ottawa, ON"
K9L,Peterborough,"Terra View Heights, Woodland Acres, Donwood",Ottawa,"Ottawa, Ontario","Ottawa, ON"
K1M,Rockcliffe Park & co,"Rockcliffe Park, New Edinburgh, Lindenlea",Ottawa,"Ottawa, Ontario","Ottawa, ON"
K2M,Bridlewood & co,"Bridlewood, Trailwest, Blackstone",Ottawa,"Ottawa, Ontario","Ottawa, ON"
K4M,Manotick,Manotick,Ottawa,"Ottawa, Ontario","Ottawa, ON"
K7M,Kingston,"Reddendale, Cataraqui, Collins Bay",Ottawa,"Ottawa, Ontario","Ottawa, ON"
K1N,Lower Town & co,"Lower Town, ByWard Market, Sandy Hill, University of Ottawa",Ottawa,"Ottawa, Ontario","Ottawa, ON"
K7N,Amherstview,Kingston,Ottawa,"Ottawa, Ontario","Ottawa, ON"
K8N,Belleville,"Canadian Forces, Army, RCAF, CANCOM",Ottawa,"Ottawa, Ontario","Ottawa, ON"
K1P,Downtown,Downtown,Ottawa,"Ottawa, Ontario","Ottawa, ON"
K2P,Centretown,Centretown,Ottawa,"Ottawa, Ontario","Ottawa, ON"
K4P,Greely,Greely,Ottawa,"Ottawa, Ontario","Ottawa, ON"
K7P,Kingston,"Westbrook, Cataraqui Woods, Cedarwood",Ottawa,"Ottawa, Ontario","Ottawa, ON"
K8P,Belleville,Belleville West,Ottawa,"Ottawa, Ontario","Ottawa, ON"
K1R,Centretown West & co,"Centretown West, Chinatown, LeBreton Flats, Little Italy",Ottawa,"Ottawa, Ontario","Ottawa, ON"
K2R,Fallowfield Village & co,"Fallowfield Village, Cedarhill Estates, Orchard Estates",Ottawa,"Ottawa, Ontario","Ottawa, ON"
K4R,Russell,Russell,Ottawa,"Ottawa, Ontario","Ottawa, ON"
K7R,Napanee,Napanee,Ottawa,"Ottawa, Ontario","Ottawa, ON"
K8R,Belleville,"Sidney Township, Avondale",Ottawa,"Ottawa, Ontario","Ottawa, ON"
K1S,The Glebe & co,"The Glebe, Old Ottawa South, Old Ottawa East, Glebe Annex",Ottawa,"Ottawa, Ontario","Ottawa, ON"
K2S,Stittsville & co,"Stittsville, Huntley, Healey's Heath, Stanley Corners, Mansfield, Bridlewood Trails",Ottawa,"Ottawa, Ontario","Ottawa, ON"
K7S,Arnprior,Arnprior,Ottawa,"Ottawa, Ontario","Ottawa, ON"
K1T,Blossom Park & co,"Blossom Park, Greenboro, Leitrim, Findlay Creek",Ottawa,"Ottawa, Ontario","Ottawa, ON"
K2T,Marchwood & co,"Marchwood, Kanata Estates, Richardson Estates, Heritage Hills, Arcadia",Ottawa,"Ottawa, Ontario","Ottawa, ON"
K6T,Elizabethtown-Kitley,Brockville,Ottawa,"Ottawa, Ontario","Ottawa, ON"
K1V,Cedardale & co,"Cedardale, Ellwood, Heron Gate, Heron Park, Riverside Park, Honey Gables, Hunt Club, Ridgemont, Riverside South, South Keys, Uplands",Ottawa,"Ottawa, Ontario","Ottawa, ON"
K2V,Bradley Commons & co,"Bradley Commons, Fernbank Crossing, Abbottsville Crossing",Ottawa,"Ottawa, Ontario","Ottawa, ON"
K6V,Brockville,Brockville,Ottawa,"Ottawa, Ontario","Ottawa, ON"
K7V,Renfrew,Renfrew,Ottawa,"Ottawa, Ontario","Ottawa, ON"
K8V,Trenton,Trenton,Ottawa,"Ottawa, Ontario","Ottawa, ON"
K9V,Lindsay,Lindsay,Ottawa,"Ottawa, Ontario","Ottawa, ON"
K1W,Bradley Estates & co,"Bradley Estates, Chapel Hill South, Blackburn, Trailsedge",Ottawa,"Ottawa, Ontario","Ottawa, ON"
K2W,March & co,"March, South March, Brookside, Marchhurst, Harwood Plains",Ottawa,"Ottawa, Ontario","Ottawa, ON"
K1X,Ficko,Ficko,Ottawa,"Ottawa, Ontario","Ottawa, ON"
K1Y,Civic Hospital & co,"Civic Hospital, Wellington Village, Hintonburg, Mechanicsville, Champlain Park, Tunney's Pasture",Ottawa,"Ottawa, Ontario","Ottawa, ON"
K1Z,Westboro & co,"Westboro, Carlington",Ottawa,"Ottawa, Ontario","Ottawa, ON"
K0A,Almonte,"Ashton, Bourget, Braeside, Carlsbad Springs, Carp, Casselman, Clarence Creek, Clayton, Crysler, Dunrobin, Edwards, Embrun, Embrun, Fitzroy Harbour, Hammond, Kars, Kenmore, Kinburn, Limoges, Metcalfe, Morewood, North Gower, Osgoode, Pakenham, Ramsayville, Richmond, St. Albert, Sarsfield, Vars, Vernon, Wendover, White Lake, Woodlawn, Saint-Pascal-Baylon, Munster, Embrun, Almonte",Ottawa,"Ottawa, Ontario","Ottawa, ON"
K0B,Alfred,"Chute à Blondeau, Curran, Dalkeith, Fournier, Glen Robertson, Lefaivre, L'Orignal, Plantagenet, Ste-Anne-de-Prescott, St-Bernardin, St. Eugene, Vankleek Hill",Ottawa,"Ottawa, Ontario","Ottawa, ON"
K0C,Alexandria,"Apple Hill, Avonmore, Bainsville, Berwick, Chesterville, Dunvegan, Finch, Green Valley, Ingleside, Lancaster, Long Sault, Lunenburg, Martintown, Maxville, Monkland, Moose Creek, Morrisburg, Newington, North Lancaster, St. Andrews West, St. Isidore, South Lancaster, Summerstown, Williamsburg, Williamstown, Winchester, Winchester Springs",Ottawa,"Ottawa, Ontario","Ottawa, ON"
K0E,Addison,"Athens, Brinston, Cardinal, Delta, Frankville, Inkerman, Iroquois, Lansdowne, Lyn, Lyndhurst, Maitland, Mallorytown, Mountain, Prescott, Rockport, South Mountain, Spencerville, Toledo",Ottawa,"Ottawa, Ontario","Ottawa, ON"
K0G,Balderson,"Burritts Rapids, Elgin, Jasper, Kemptville, Lanark, Lombardy, McDonalds Corners, Merrickville, Newboro, North Augusta, Oxford Mills, Oxford Station, Portland, Rideau Ferry, Westport",Ottawa,"Ottawa, Ontario","Ottawa, ON"
K0H,Arden,"Ardoch, Bath, Battersea, Clarendon Station, Cloyne, Denbigh, Elginburg, Flinton, Glenburnie, Godfrey, Harrowsmith, Hartington, Inverary, Joyceville, Kaladar, Maberly, Mississippi Station, Mountain Grove, Northbrook, Odessa, Ompah, Parham, Perth Road, Plevna, Seeleys Bay, Sharbot Lake, Snow Road Station, Stella, Sydenham, Tichborne, Verona, Wolfe Island",Ottawa,"Ottawa, Ontario","Ottawa, ON"
K0J,Barry's Bay,"Beachburg, Bissett Creek, Burnstown, Calabogie, Chalk River, Cobden, Combermere, Cormac, Dacre, Deep River, Deux Rivieres, Douglas, Eganville, Foresters Falls, Foymount, Golden Lake, Haley Station, Killaloe, Mackey, Madawaska, Palmer Rapids, Quadeville, Rolphton, Round Lake Centre, Stonecliffe, Westmeath, Whitney, Wilno, Griffith",Ottawa,"Ottawa, Ontario","Ottawa, ON"
K0K,Picton,"Ameliasburgh, Astra, Baltimore, Batawa, Bloomfield, Brighton, Camden East, Cannifton, Carrying Place, Castleton, Centreville, Cherry Valley, Codrington, Colborne, Consecon, Corbyville, Demorestville, Deseronto, Eldorado, Enterprise, Erinsville, Foxboro, Frankford, Gores Landing, Grafton, Harwood, Hillier, Madoc  township , Madoc  village , Marlbank, Marmora, Marysville, Milford, Newburgh, Picton, Plainfield, Roblin, Roseneath, Roslin, Selby, Shannonville, Springbrook, Stirling, Tamworth, Thomasburg, Tweed, Warkworth, Wellington, Wooler, Yarker, Astra",Ottawa,"Ottawa, Ontario","Ottawa, ON"
K0L,Lakefield,"Apsley, Bailieboro, Bancroft, Bewdley, Boulter, Bridgenorth, Buckhorn, Campbellford, Cardiff, Coe Hill, Curve Lake, Ennismore, Fraserville, Gilmour, Harcourt, Hastings, Havelock, Highland Grove, Indian River, Juniper Island, Keene, Lakefield, Lakehurst, Lake St. Peter, L'Amable, McArthur's Mills, Maple Leaf, Maynooth, Norwood, Omemee, Reaboro, Tory Hill, Trent River, Douro-Dummer, Warsaw, Westwood, Wilberforce, Woodview, Young's Point",Ottawa,"Ottawa, Ontario","Ottawa, ON"
K0M,Bobcaygeon,"Bolsover, Burnt River, Cambray, Cameron, Algonquin Highlands, Coboconk, Dunsford, Eagle Lake, Fenelon Falls, Gooderham, Haliburton, Irondale, Kinmount, Kirkfield, Little Britain, Manilla, Minden, Norland, Oakwood, West Guilford, Woodville",Ottawa,"Ottawa, Ontario","Ottawa, ON"
M1B,Scarborough,"Malvern, Rouge",Toronto,"Toronto, Ontario","Toronto, ON"
M3B,North York,Don Mills,Toronto,"Toronto, Ontario","Toronto, ON"
M4B,East York,"Parkview Hill, Woodbine Gardens",Toronto,"Toronto, Ontario","Toronto, ON"
M5B,Downtown Toronto,"Garden District, Ryerson",Toronto,"Toronto, Ontario","Toronto, ON"
M6B,North York,Glencairn,Toronto,"Toronto, Ontario","Toronto, ON"
M9B,Etobicoke,"West Deane Park, Princess Gardens, Martin Grove, Islington",Toronto,"Toronto, Ontario","Toronto, ON"
M1C,Scarborough,"Rouge Hill, Port Union, Highland Creek",Toronto,"Toronto, Ontario","Toronto, ON"
M3C,North York,"Don Mills, Flemingdon Park",Toronto,"Toronto, Ontario","Toronto, ON"
M4C,East York,Woodbine Heights,Toronto,"Toronto, Ontario","Toronto, ON"
M5C,Downtown Toronto,St. James Town,Toronto,"Toronto, Ontario","Toronto, ON"
M6C,York,Humewood-Cedarvale,Toronto,"Toronto, Ontario","Toronto, ON"
M9C,Etobicoke,Markland Wood,Toronto,"Toronto, Ontario","Toronto, ON"
M1E,Scarborough,"Guildwood, Morningside, West Hill",Toronto,"Toronto, Ontario","Toronto, ON"
M4E,The Beaches,East Toronto The Beaches,Toronto,"Toronto, Ontario","Toronto, ON"
M5E,Downtown Toronto,Berczy Park,Toronto,"Toronto, Ontario","Toronto, ON"
M6E,York,Caledonia-Fairbanks,Toronto,"Toronto, Ontario","Toronto, ON"
M1G,Scarborough,Woburn,Toronto,"Toronto, Ontario","Toronto, ON"
M4G,East York,Leaside,Toronto,"Toronto, Ontario","Toronto, ON"
M5G,Downtown Toronto,Bay Street,Toronto,"Toronto, Ontario","Toronto, ON"
M6G,Downtown Toronto,Christie,Toronto,"Toronto, Ontario","Toronto, ON"
M1H,Scarborough,Cedarbrae,Toronto,"Toronto, Ontario","Toronto, ON"
M2H,North York,Hillcrest Village,Toronto,"Toronto, Ontario","Toronto, ON"
M3H,North York,"Bathurst Manor, Wilson Heights, Downsview",Toronto,"Toronto, Ontario","Toronto, ON"
M4H,East York,Thorncliffe Park,Toronto,"Toronto, Ontario","Toronto, ON"
M5H,Downtown Toronto,"Richmond, King",Toronto,"Toronto, Ontario","Toronto, ON"
M6H,Dufferin,Dovercourt Village,Toronto,"Toronto, Ontario","Toronto, ON"
M1J,Scarborough,Village,Toronto,"Toronto, Ontario","Toronto, ON"
M2J,North York,Henry Farm,Toronto,"Toronto, Ontario","Toronto, ON"
M3J,North York,"Northwood Park, York University",Toronto,"Toronto, Ontario","Toronto, ON"
M4J,East York,The Danforth,Toronto,"Toronto, Ontario","Toronto, ON"
M5J,Downtown Toronto,"Harbourfront, Union Station, Toronto Islands",Toronto,"Toronto, Ontario","Toronto, ON"
M6J,Little Portugal,Trinity,Toronto,"Toronto, Ontario","Toronto, ON"
M1K,Scarborough,"Kennedy Park, Ionview, Birchmount Park",Toronto,"Toronto, Ontario","Toronto, ON"
M2K,North York,Bayview Village,Toronto,"Toronto, Ontario","Toronto, ON"
M3K,North York,"Downsview, CFB Toronto",Toronto,"Toronto, Ontario","Toronto, ON"
M4K,The Danforth,Riverdale,Toronto,"Toronto, Ontario","Toronto, ON"
M5K,Downtown Toronto,"Toronto Dominion Centre, Design Exchange",Toronto,"Toronto, Ontario","Toronto, ON"
M6K,Brockton,"Parkdale Village, Exhibition Place",Toronto,"Toronto, Ontario","Toronto, ON"
M1L,Scarborough,"Golden Mile, Clairlea, Oakridge",Toronto,"Toronto, Ontario","Toronto, ON"
M2L,North York,York Mills,Toronto,"Toronto, Ontario","Toronto, ON"
M3L,North York,Downsview,Toronto,"Toronto, Ontario","Toronto, ON"
M4L,India Bazaar,The Beaches,Toronto,"Toronto, Ontario","Toronto, ON"
M5L,Downtown Toronto,"Commerce Court, Victoria Hotel",Toronto,"Toronto, Ontario","Toronto, ON"
M6L,North York,Maple Leaf Park,Toronto,"Toronto, Ontario","Toronto, ON"
M9L,North York,Humber Summit,Toronto,"Toronto, Ontario","Toronto, ON"
M1M,Scarborough,"Cliffside, Cliffcrest, Scarborough Village",Toronto,"Toronto, Ontario","Toronto, ON"
M2M,North York,Newtonbrook,Toronto,"Toronto, Ontario","Toronto, ON"
M3M,North York,Downsview,Toronto,"Toronto, Ontario","Toronto, ON"
M4M,East Toronto Studio District,East Toronto Studio District,Toronto,"Toronto, Ontario","Toronto, ON"
M5M,North York,"Bedford Park, Lawrence Manor",Toronto,"Toronto, Ontario","Toronto, ON"
M6M,York,"Mount Dennis, Keelsdale and Silverthorn",Toronto,"Toronto, Ontario","Toronto, ON"
M9M,North York,"Humberlea, Emery",Toronto,"Toronto, Ontario","Toronto, ON"
M1N,Scarborough,"Birch Cliff, Cliffside",Toronto,"Toronto, Ontario","Toronto, ON"
M2N,North York,Willowdale,Toronto,"Toronto, Ontario","Toronto, ON"
M3N,North York,Downsview,Toronto,"Toronto, Ontario","Toronto, ON"
M4N,Lawrence Park,Central Toronto Lawrence Park,Toronto,"Toronto, Ontario","Toronto, ON"
M5N,Central Toronto Roselawn,Central Toronto Roselawn,Toronto,"Toronto, Ontario","Toronto, ON"
M6N,York,"Runnymede, The Junction",Toronto,"Toronto, Ontario","Toronto, ON"
M9N,York,Weston,Toronto,"Toronto, Ontario","Toronto, ON"
M1P,Scarborough,"Dorset Park, Wexford Heights, Scarborough Town Centre",Toronto,"Toronto, Ontario","Toronto, ON"
M2P,North York,York Mills,Toronto,"Toronto, Ontario","Toronto, ON"
M4P,Davisville,Central Toronto DavisvilleNorth,Toronto,"Toronto, Ontario","Toronto, ON"
M5P,Forest Hill,Central Toronto Forest HillNorth & West,Toronto,"Toronto, Ontario","Toronto, ON"
M6P,High Park,The Junction,Toronto,"Toronto, Ontario","Toronto, ON"
M9P,Etobicoke,Westmount,Toronto,"Toronto, Ontario","Toronto, ON"
M1R,Scarborough,"Wexford, Maryvale",Toronto,"Toronto, Ontario","Toronto, ON"
M2R,North York,Willowdale,Toronto,"Toronto, Ontario","Toronto, ON"
M4R,North Toronto,Central Toronto North TorontoWest,Toronto,"Toronto, Ontario","Toronto, ON"
M5R,The Annex,"North Midtown, Yorkville",Toronto,"Toronto, Ontario","Toronto, ON"
M6R,Parkdale,Roncesvalles,Toronto,"Toronto, Ontario","Toronto, ON"
M7R,Mississauga,Canada Post Gateway Processing Centre Enclave of L4W,Toronto,"Toronto, Ontario","Toronto, ON"
M9R,Etobicoke,Kingsview Village,Toronto,"Toronto, Ontario","Toronto, ON"
M1S,Scarborough,Agincourt,Toronto,"Toronto, Ontario","Toronto, ON"
M4S,Davisville,Central Toronto Davisville,Toronto,"Toronto, Ontario","Toronto, ON"
M5S,Downtown Toronto,University of Toronto,Toronto,"Toronto, Ontario","Toronto, ON"
M6S,Runnymede,Swansea,Toronto,"Toronto, Ontario","Toronto, ON"
M1T,Scarborough,"Tam O'Shanter, Sullivan",Toronto,"Toronto, Ontario","Toronto, ON"
M4T,Moore Park,Summerhill,Toronto,"Toronto, Ontario","Toronto, ON"
M5T,Downtown Toronto,"Kensington Market, Chinatown, Grange Park",Toronto,"Toronto, Ontario","Toronto, ON"
M1V,Scarborough,"Milliken, Agincourt North, Steeles, L'Amoreaux",Toronto,"Toronto, Ontario","Toronto, ON"
M4V,Summerhill,"Rathnelly, South Hill, Forest Hill, Deer Park",Toronto,"Toronto, Ontario","Toronto, ON"
M5V,Downtown Toronto,"CN Tower, King and Spadina, Railway Lands, Harbourfront, South Niagara, Island airport",Toronto,"Toronto, Ontario","Toronto, ON"
M8V,Etobicoke,"New Toronto, Mimico",Toronto,"Toronto, Ontario","Toronto, ON"
M9V,Etobicoke,"South Steeles, Silverstone, Jamestown, Mount Olive, Beaumond Heights, Thistletown",Toronto,"Toronto, Ontario","Toronto, ON"
M1W,Scarborough,"Steeles, L'Amoreaux",Toronto,"Toronto, Ontario","Toronto, ON"
M4W,Downtown Toronto,Rosedale,Toronto,"Toronto, Ontario","Toronto, ON"
M5W,Downtown Toronto,Stn A PO Boxes25 The Esplanade Enclave of M5E,Toronto,"Toronto, Ontario","Toronto, ON"
M8W,Etobicoke,"Alderwood, Long Branch",Toronto,"Toronto, Ontario","Toronto, ON"
M9W,Etobicoke,"Clairville, Humberwood, Woodbine Downs, Rexdale, Elms",Toronto,"Toronto, Ontario","Toronto, ON"
M1X,Scarborough,Upper Rouge,Toronto,"Toronto, Ontario","Toronto, ON"
M4X,Downtown Toronto,"St. James Town, Cabbagetown",Toronto,"Toronto, Ontario","Toronto, ON"
M5X,Downtown Toronto,"First Canadian Place, Underground city",Toronto,"Toronto, Ontario","Toronto, ON"
M8X,Etobicoke,"The Kingsway, Old Mill",Toronto,"Toronto, Ontario","Toronto, ON"
M4Y,Downtown Toronto,Church and Wellesley,Toronto,"Toronto, Ontario","Toronto, ON"
M7Y,Business reply mail,East TorontoBusiness reply mailProcessing Centre969 Eastern Enclave of M4L,Toronto,"Toronto, Ontario","Toronto, ON"
M8Y,Etobicoke,"Old Mill, Sunnylea, Humber Bay, Mimico, The Queensway",Toronto,"Toronto, Ontario","Toronto, ON"
M8Z,Etobicoke,"Mimico, The Queensway",Toronto,"Toronto, Ontario","Toronto, ON"
V1A,Kimberley,Kimberley,Vancouver,"Vancouver, British Columbia","Vancouver, BC"
V2A,Penticton,Penticton,Vancouver,"Vancouver, British Columbia","Vancouver, BC"
V3A,Langley Township,Langley City,Vancouver,"Vancouver, British Columbia","Vancouver, BC"
V4A,Surrey,Surrey Southwest,Vancouver,"Vancouver, British Columbia","Vancouver, BC"
V5A,Burnaby,"Government Road, Lake City, SFU, Burnaby Mountain",Vancouver,"Vancouver, British Columbia","Vancouver, BC"
V6A,Strathcona & co,"Strathcona, Chinatown, Downtown Eastside",Vancouver,"Vancouver, British Columbia","Vancouver, BC"
V7A,Richmond,Richmond South,Vancouver,"Vancouver, British Columbia","Vancouver, BC"
V8A,Powell River,Powell River,Vancouver,"Vancouver, British Columbia","Vancouver, BC"
V9A,Victoria,"Vic West, Esquimalt, Canadian Forces, MARPAC",Vancouver,"Vancouver, British Columbia","Vancouver, BC"
V1B,Vernon,Vernon East,Vancouver,"Vancouver, British Columbia","Vancouver, BC"
V2B,Kamloops,Kamloops Northwest,Vancouver,"Vancouver, British Columbia","Vancouver, BC"
V3B,Port Coquitlam,Port Coquitlam Central,Vancouver,"Vancouver, British Columbia","Vancouver, BC"
V4B,White Rock,White Rock,Vancouver,"Vancouver, British Columbia","Vancouver, BC"
V5B,Burnaby,"Parkcrest-Aubrey, Ardingley-Sprott",Vancouver,"Vancouver, British Columbia","Vancouver, BC"
V6B,Downtown & co,"Downtown, Gastown, Harbour Centre, International Village, Victory Square, Yaletown",Vancouver,"Vancouver, British Columbia","Vancouver, BC"
V7B,Richmond,"Sea Island, YVR",Vancouver,"Vancouver, British Columbia","Vancouver, BC"
V8B,Squamish,Squamish,Vancouver,"Vancouver, British Columbia","Vancouver, BC"
V9B,Victoria,"Highlands, Langford, View Royal",Vancouver,"Vancouver, British Columbia","Vancouver, BC"
V1C,Cranbrook,Cranbrook,Vancouver,"Vancouver, British Columbia","Vancouver, BC"
V2C,Kamloops,Central and Southeast,Vancouver,"Vancouver, British Columbia","Vancouver, BC"
V3C,Port Coquitlam,Port Coquitlam South,Vancouver,"Vancouver, British Columbia","Vancouver, BC"
V4C,Delta,Delta Northeast,Vancouver,"Vancouver, British Columbia","Vancouver, BC"
V5C,Burnaby,"Heights, Willingdon Heights, West Central Valley",Vancouver,"Vancouver, British Columbia","Vancouver, BC"
V6C,Waterfront & co,"Waterfront, Coal Harbour, Canada Place",Vancouver,"Vancouver, British Columbia","Vancouver, BC"
V7C,Richmond,Richmond Northwest,Vancouver,"Vancouver, British Columbia","Vancouver, BC"
V8C,Kitimat,Kitimat,Vancouver,"Vancouver, British Columbia","Vancouver, BC"
V9C,Victoria,"Colwood, Langford, Metchosin",Vancouver,"Vancouver, British Columbia","Vancouver, BC"
V1E,Salmon Arm,Salmon Arm,Vancouver,"Vancouver, British Columbia","Vancouver, BC"
V2E,Kamloops,South and West,Vancouver,"Vancouver, British Columbia","Vancouver, BC"
V3E,Coquitlam,Coquitlam North,Vancouver,"Vancouver, British Columbia","Vancouver, BC"
V4E,Delta,Delta East,Vancouver,"Vancouver, British Columbia","Vancouver, BC"
V5E,Burnaby,"Lakeview-Mayfield, Richmond Park, Kingsway-Beresford",Vancouver,"Vancouver, British Columbia","Vancouver, BC"
V6E,West End & co,"West End, Davie Village",Vancouver,"Vancouver, British Columbia","Vancouver, BC"
V7E,Richmond,Richmond Southwest,Vancouver,"Vancouver, British Columbia","Vancouver, BC"
V8E,Whistler,Whistler,Vancouver,"Vancouver, British Columbia","Vancouver, BC"
V9E,Victoria,"Highlands, Saanich",Vancouver,"Vancouver, British Columbia","Vancouver, BC"
V1G,Dawson Creek,Dawson Creek,Vancouver,"Vancouver, British Columbia","Vancouver, BC"
V2G,Williams Lake,Williams Lake,Vancouver,"Vancouver, British Columbia","Vancouver, BC"
V3G,Abbotsford,Abbotsford East,Vancouver,"Vancouver, British Columbia","Vancouver, BC"
V4G,Delta,East Central,Vancouver,"Vancouver, British Columbia","Vancouver, BC"
V5G,Burnaby,"Cascade-Schou, Douglas-Gilpin",Vancouver,"Vancouver, British Columbia","Vancouver, BC"
V6G,West End & co,"West End, Stanley Park",Vancouver,"Vancouver, British Columbia","Vancouver, BC"
V7G,North Vancouver (district municipality),North Vancouver  district municipality Outer East,Vancouver,"Vancouver, British Columbia","Vancouver, BC"
V8G,Terrace,Terrace,Vancouver,"Vancouver, British Columbia","Vancouver, BC"
V9G,Ladysmith,Ladysmith,Vancouver,"Vancouver, British Columbia","Vancouver, BC"
V1H,Vernon,Vernon West,Vancouver,"Vancouver, British Columbia","Vancouver, BC"
V2H,Kamloops,Kamloops North,Vancouver,"Vancouver, British Columbia","Vancouver, BC"
V3H,Port Moody,Port Moody,Vancouver,"Vancouver, British Columbia","Vancouver, BC"
V5H,Burnaby,"Maywood, Marlborough, Oakalla, Windsor",Vancouver,"Vancouver, British Columbia","Vancouver, BC"
V6H,Fairview & co,"Fairview, Granville Island, Shaughnessy",Vancouver,"Vancouver, British Columbia","Vancouver, BC"
V7H,North Vancouver (district municipality),North Vancouver  district municipality Inner East,Vancouver,"Vancouver, British Columbia","Vancouver, BC"
V8H,Cobble Hill,"Mill Bay, Shawnigan Lake",Vancouver,"Vancouver, British Columbia","Vancouver, BC"
V9H,Campbell River,Outskirts,Vancouver,"Vancouver, British Columbia","Vancouver, BC"
V1J,Fort St. John,Fort St. John,Vancouver,"Vancouver, British Columbia","Vancouver, BC"
V2J,Quesnel,Quesnel,Vancouver,"Vancouver, British Columbia","Vancouver, BC"
V3J,Coquitlam,Coquitlam North,Vancouver,"Vancouver, British Columbia","Vancouver, BC"
V5J,Burnaby,"Suncrest, Sussex-Nelson, Clinton-Glenwood, Big Bend",Vancouver,"Vancouver, British Columbia","Vancouver, BC"
V6J,Shaughnessy & co,"Shaughnessy, Kitsilano, Quilchena",Vancouver,"Vancouver, British Columbia","Vancouver, BC"
V7J,North Vancouver (district municipality),North Vancouver  district municipality East Central,Vancouver,"Vancouver, British Columbia","Vancouver, BC"
V8J,Prince Rupert,Prince Rupert,Vancouver,"Vancouver, British Columbia","Vancouver, BC"
V9J,Courtenay,Northern Outskirts,Vancouver,"Vancouver, British Columbia","Vancouver, BC"
V1K,Merritt,Merritt,Vancouver,"Vancouver, British Columbia","Vancouver, BC"
V2K,Prince George,Prince George North,Vancouver,"Vancouver, British Columbia","Vancouver, BC"
V3K,Coquitlam,Coquitlam South,Vancouver,"Vancouver, British Columbia","Vancouver, BC"
V4K,Delta,Delta Northwest,Vancouver,"Vancouver, British Columbia","Vancouver, BC"
V5K,Hastings-Sunrise,Hastings-Sunrise,Vancouver,"Vancouver, British Columbia","Vancouver, BC"
V6K,Kitsilano & co,"Kitsilano, Greektown",Vancouver,"Vancouver, British Columbia","Vancouver, BC"
V7K,North Vancouver (district municipality),North Vancouver  district municipality North Central,Vancouver,"Vancouver, British Columbia","Vancouver, BC"
V8K,Salt Spring Island,Salt Spring Island,Vancouver,"Vancouver, British Columbia","Vancouver, BC"
V9K,Qualicum Beach,Qualicum Beach,Vancouver,"Vancouver, British Columbia","Vancouver, BC"
V1L,Nelson,Nelson,Vancouver,"Vancouver, British Columbia","Vancouver, BC"
V2L,Prince George,East Central,Vancouver,"Vancouver, British Columbia","Vancouver, BC"
V3L,New Westminster,New Westminster Northeast,Vancouver,"Vancouver, British Columbia","Vancouver, BC"
V4L,Delta,Delta Southeast,Vancouver,"Vancouver, British Columbia","Vancouver, BC"
V5L,Grandview-Woodland,Grandview-Woodland,Vancouver,"Vancouver, British Columbia","Vancouver, BC"
V6L,Arbutus Ridge & co,"Arbutus Ridge, Dunbar-Southlands",Vancouver,"Vancouver, British Columbia","Vancouver, BC"
V7L,North Vancouver (city),North Vancouver  city South Central,Vancouver,"Vancouver, British Columbia","Vancouver, BC"
V8L,Sidney,"North Saanich, YYJ",Vancouver,"Vancouver, British Columbia","Vancouver, BC"
V9L,Duncan,Duncan,Vancouver,"Vancouver, British Columbia","Vancouver, BC"
V1M,Langley Township,Langley Township North,Vancouver,"Vancouver, British Columbia","Vancouver, BC"
V2M,Prince George,West Central,Vancouver,"Vancouver, British Columbia","Vancouver, BC"
V3M,New Westminster,Annacis Island,Vancouver,"Vancouver, British Columbia","Vancouver, BC"
V4M,Delta,Delta Southwest,Vancouver,"Vancouver, British Columbia","Vancouver, BC"
V5M,Hastings-Sunrise & co,"Hastings-Sunrise, Renfrew-Collingwood",Vancouver,"Vancouver, British Columbia","Vancouver, BC"
V6M,Shaughnessy & co,"Shaughnessy, Oakridge, Kerrisdale, Arbutus Ridge",Vancouver,"Vancouver, British Columbia","Vancouver, BC"
V7M,North Vancouver (city),North Vancouver  city Southwest Central,Vancouver,"Vancouver, British Columbia","Vancouver, BC"
V8M,Central Saanich,Central Saanich,Vancouver,"Vancouver, British Columbia","Vancouver, BC"
V9M,Comox,Comox,Vancouver,"Vancouver, British Columbia","Vancouver, BC"
V1N,Castlegar,Castlegar,Vancouver,"Vancouver, British Columbia","Vancouver, BC"
V2N,Prince George,Prince George South,Vancouver,"Vancouver, British Columbia","Vancouver, BC"
V3N,Burnaby,"Big Bend, Stride Avenue, Edmonds, Cariboo-Armstrong",Vancouver,"Vancouver, British Columbia","Vancouver, BC"
V4N,Surrey,Surrey Northeast,Vancouver,"Vancouver, British Columbia","Vancouver, BC"
V5N,Grandview-Woodland & co,"Grandview-Woodland, Kensington-Cedar Cottage",Vancouver,"Vancouver, British Columbia","Vancouver, BC"
V6N,Kerrisdale & co,"Kerrisdale, Dunbar-Southlands, Musqueam",Vancouver,"Vancouver, British Columbia","Vancouver, BC"
V7N,North Vancouver (district municipality),North Vancouver  district municipality Northwest Central,Vancouver,"Vancouver, British Columbia","Vancouver, BC"
V8N,Victoria,Saanich,Vancouver,"Vancouver, British Columbia","Vancouver, BC"
V9N,Courtenay,Courtenay Central,Vancouver,"Vancouver, British Columbia","Vancouver, BC"
V1P,Kelowna,Kelowna East,Vancouver,"Vancouver, British Columbia","Vancouver, BC"
V2P,Chilliwack,Chilliwack Central,Vancouver,"Vancouver, British Columbia","Vancouver, BC"
V4P,Surrey,Surrey South,Vancouver,"Vancouver, British Columbia","Vancouver, BC"
V5P,Kensington-Cedar Cottage & co,"Kensington-Cedar Cottage, Victoria-Fraserview",Vancouver,"Vancouver, British Columbia","Vancouver, BC"
V6P,Kerrisdale & co,"Kerrisdale, Oakridge, Marpole",Vancouver,"Vancouver, British Columbia","Vancouver, BC"
V7P,North Vancouver (city),North Vancouver  city Southwest,Vancouver,"Vancouver, British Columbia","Vancouver, BC"
V8P,Victoria,"Saanich, UVic",Vancouver,"Vancouver, British Columbia","Vancouver, BC"
V9P,Parksville,Parksville,Vancouver,"Vancouver, British Columbia","Vancouver, BC"
V1R,Trail,Trail,Vancouver,"Vancouver, British Columbia","Vancouver, BC"
V2R,Chilliwack,Chilliwack West,Vancouver,"Vancouver, British Columbia","Vancouver, BC"
V3R,Surrey,Surrey North,Vancouver,"Vancouver, British Columbia","Vancouver, BC"
V4R,Maple Ridge,Maple Ridge Northwest,Vancouver,"Vancouver, British Columbia","Vancouver, BC"
V5R,Renfrew-Collingwood,Renfrew-Collingwood,Vancouver,"Vancouver, British Columbia","Vancouver, BC"
V6R,Kitsilano & co,"Kitsilano, West Point Grey, Jericho",Vancouver,"Vancouver, British Columbia","Vancouver, BC"
V7R,North Vancouver (district municipality),North Vancouver  district municipality Northwest,Vancouver,"Vancouver, British Columbia","Vancouver, BC"
V8R,Victoria,"Oak Bay, Fernwood, Jubilee, Jubilee, Oaklands",Vancouver,"Vancouver, British Columbia","Vancouver, BC"
V9R,Nanaimo,Nanaimo South,Vancouver,"Vancouver, British Columbia","Vancouver, BC"
V1S,Kamloops,Kamloops Southwest,Vancouver,"Vancouver, British Columbia","Vancouver, BC"
V2S,Abbotsford,Abbotsford Southeast,Vancouver,"Vancouver, British Columbia","Vancouver, BC"
V3S,Surrey,Upper East,Vancouver,"Vancouver, British Columbia","Vancouver, BC"
V4S,Mission,Mission West,Vancouver,"Vancouver, British Columbia","Vancouver, BC"
V5S,Killarney,Killarney,Vancouver,"Vancouver, British Columbia","Vancouver, BC"
V6S,Dunbar-Southlands & co,"Dunbar-Southlands, Chaldecutt, University Endowment Lands",Vancouver,"Vancouver, British Columbia","Vancouver, BC"
V7S,West Vancouver,West Vancouver North,Vancouver,"Vancouver, British Columbia","Vancouver, BC"
V8S,Victoria,"Oak Bay, Fairfield, Gonzales, Fernwood, Rockland",Vancouver,"Vancouver, British Columbia","Vancouver, BC"
V9S,Nanaimo,Nanaimo Central,Vancouver,"Vancouver, British Columbia","Vancouver, BC"
V1T,Vernon,Vernon Central,Vancouver,"Vancouver, British Columbia","Vancouver, BC"
V2T,Abbotsford,Abbotsford Southwest,Vancouver,"Vancouver, British Columbia","Vancouver, BC"
V3T,Surrey,Inner Northwest,Vancouver,"Vancouver, British Columbia","Vancouver, BC"
V4T,West Kelowna,Westbank,Vancouver,"Vancouver, British Columbia","Vancouver, BC"
V5T,Mount Pleasant,Mount Pleasant,Vancouver,"Vancouver, British Columbia","Vancouver, BC"
V6T,UBC,UBC,Vancouver,"Vancouver, British Columbia","Vancouver, BC"
V7T,West Vancouver,West Vancouver Southeast,Vancouver,"Vancouver, British Columbia","Vancouver, BC"
V8T,Victoria,"Burnside, Hillside-Quadra, North Park, West Oaklands, Rock Bay",Vancouver,"Vancouver, British Columbia","Vancouver, BC"
V9T,Nanaimo,Wellington,Vancouver,"Vancouver, British Columbia","Vancouver, BC"
V1V,Kelowna,Kelowna North,Vancouver,"Vancouver, British Columbia","Vancouver, BC"
V2V,Mission,Mission East,Vancouver,"Vancouver, British Columbia","Vancouver, BC"
V3V,Surrey,Outer Northwest,Vancouver,"Vancouver, British Columbia","Vancouver, BC"
V4V,Winfield,Winfield,Vancouver,"Vancouver, British Columbia","Vancouver, BC"
V5V,Kensington-Cedar Cottage & co,"Kensington-Cedar Cottage, Riley Park",Vancouver,"Vancouver, British Columbia","Vancouver, BC"
V6V,Richmond,Richmond Northeast,Vancouver,"Vancouver, British Columbia","Vancouver, BC"
V7V,West Vancouver,West Vancouver South,Vancouver,"Vancouver, British Columbia","Vancouver, BC"
V8V,Victoria,"Cook Street Village, Fairfield, Harris Green, Humboldt Valley, James Bay",Vancouver,"Vancouver, British Columbia","Vancouver, BC"
V9V,Nanaimo,Nanaimo Northwest,Vancouver,"Vancouver, British Columbia","Vancouver, BC"
V1W,Kelowna,Kelowna Southwest,Vancouver,"Vancouver, British Columbia","Vancouver, BC"
V2W,Maple Ridge,Maple Ridge East,Vancouver,"Vancouver, British Columbia","Vancouver, BC"
V3W,Surrey,Upper West,Vancouver,"Vancouver, British Columbia","Vancouver, BC"
V4W,Langley Township,Langley Township East,Vancouver,"Vancouver, British Columbia","Vancouver, BC"
V5W,Riley Park & co,"Riley Park, Kensington-Cedar Cottage, Oakridge, Sunset",Vancouver,"Vancouver, British Columbia","Vancouver, BC"
V6W,Richmond,Richmond Southeast,Vancouver,"Vancouver, British Columbia","Vancouver, BC"
V7W,West Vancouver,West Vancouver West,Vancouver,"Vancouver, British Columbia","Vancouver, BC"
V8W,Victoria,"Downtown, Chinatown",Vancouver,"Vancouver, British Columbia","Vancouver, BC"
V9W,Campbell River,Campbell River Central,Vancouver,"Vancouver, British Columbia","Vancouver, BC"
V1X,Kelowna,East Central,Vancouver,"Vancouver, British Columbia","Vancouver, BC"
V2X,Maple Ridge,Maple Ridge West,Vancouver,"Vancouver, British Columbia","Vancouver, BC"
V3X,Surrey,Lower West,Vancouver,"Vancouver, British Columbia","Vancouver, BC"
V4X,Abbotsford,Abbotsford West,Vancouver,"Vancouver, British Columbia","Vancouver, BC"
V5X,Oakridge & co,"Oakridge, Marpole, Sunset",Vancouver,"Vancouver, British Columbia","Vancouver, BC"
V6X,Richmond,Richmond North,Vancouver,"Vancouver, British Columbia","Vancouver, BC"
V7X,Bentall Centre,Bentall Centre,Vancouver,"Vancouver, British Columbia","Vancouver, BC"
V8X,Victoria,Saanich,Vancouver,"Vancouver, British Columbia","Vancouver, BC"
V9X,Nanaimo,Cedar,Vancouver,"Vancouver, British Columbia","Vancouver, BC"
V1Y,Kelowna,Kelowna Central,Vancouver,"Vancouver, British Columbia","Vancouver, BC"
V2Y,Langley Township,Langley Township Northwest,Vancouver,"Vancouver, British Columbia","Vancouver, BC"
V3Y,Pitt Meadows,Pitt Meadows,Vancouver,"Vancouver, British Columbia","Vancouver, BC"
V4Y,Armstrong,"[3], Spallumcheen, Enderby",Vancouver,"Vancouver, British Columbia","Vancouver, BC"
V5Y,Mount Pleasant & co,"Mount Pleasant, Riley Park",Vancouver,"Vancouver, British Columbia","Vancouver, BC"
V6Y,Richmond,Richmond Central,Vancouver,"Vancouver, British Columbia","Vancouver, BC"
V7Y,Pacific Centre,Pacific Centre,Vancouver,"Vancouver, British Columbia","Vancouver, BC"
V8Y,Victoria,Saanich,Vancouver,"Vancouver, British Columbia","Vancouver, BC"
V9Y,Port Alberni,Port Alberni,Vancouver,"Vancouver, British Columbia","Vancouver, BC"
V1Z,West Kelowna,West Kelowna East,Vancouver,"Vancouver, British Columbia","Vancouver, BC"
V2Z,Langley Township,Langley Township Southwest,Vancouver,"Vancouver, British Columbia","Vancouver, BC"
V3Z,Surrey,Lower East,Vancouver,"Vancouver, British Columbia","Vancouver, BC"
V4Z,Chilliwack,Chilliwack East,Vancouver,"Vancouver, British Columbia","Vancouver, BC"
V5Z,Fairview & co,"Fairview, South Cambie",Vancouver,"Vancouver, British Columbia","Vancouver, BC"
V6Z,Downtown,Downtown,Vancouver,"Vancouver, British Columbia","Vancouver, BC"
V7Z,Sechelt,Halfmoon Bay,Vancouver,"Vancouver, British Columbia","Vancouver, BC"
V8Z,Victoria,Saanich,Vancouver,"Vancouver, British Columbia","Vancouver, BC"
V9Z,Sooke,Sooke,Vancouver,"Vancouver, British Columbia","Vancouver, BC"
V0A,Golden,"Brisco, Edgewater, Field, Golden, Harrogate, Invermere, Parson, Radium Hot Springs, Spillimacheen, Panorama",Vancouver,"Vancouver, British Columbia","Vancouver, BC"
V0B,Boswell,"Canal Flats, Canyon, Crawford Bay, Creston, Elkford, Erickson, Fairmont Hot Springs, Fernie, Fort Steele, Grasmere, Gray Creek, Jaffray, Kingsgate, Kitchener, Kootenay Bay, Moyie, Riondel, Sirdar, Skookumchuck, Sparwood, Ta Ta Creek, Wardner, Wasa, Windermere, Wynndel, Yahk, Creston",Vancouver,"Vancouver, British Columbia","Vancouver, BC"
V0C,Arras,"Baldonnel, Jade City, Cecil Lake, Charlie Lake, Chetwynd, Clayhurst, Dease Lake, Farmington, Fort Nelson, Goodlow, Groundbirch, Hudson's Hope, Lower Post, Moberly Lake, Montney, Muncho Lake, North Pine, Pink Mountain, Pouce Coupe, Progress, Rolla, Rose Prairie, Sunset Prairie, Taylor, Tomslake, Wonowon, Buick, Prespatou, Altona, Prophet River, Tumbler Ridge, Toad River, Good Hope Lake",Vancouver,"Vancouver, British Columbia","Vancouver, BC"
V0E,Avola,"Barriere, Blind Bay, Blue River, Canoe, Chase, Clearwater, Darfield, Douglas Lake, Eagle Bay, Falkland, Grindrod, Heffley Creek, Knutsford, Little Fort, Louis Creek, Lumby, McLure, Malakwa, Mara, Mica Creek, Monte Creek, Monte Lake, Pritchard, Quilchena, Revelstoke, Sicamous, Sorrento, Tappen, Valemount, Vavenby, Westwold, Pinantan Lake, Scotch Creek, Revelstoke, Sorrento, Clearwater, Sun Peaks",Vancouver,"Vancouver, British Columbia","Vancouver, BC"
V0G,Ainsworth Hot Springs,"Argenta, Balfour, Burton, Genelle, Crescent Valley, Edgewood, Fauquier, Fruitvale, Kaslo, Meadow Creek, Montrose, Nakusp, New Denver, Procter, Robson, Rossland, Salmo, Silverton, Slocan, Slocan Park, South Slocan, Winlaw, Ymir",Vancouver,"Vancouver, British Columbia","Vancouver, BC"
V0H,Beaverdell,"Bridesville, Christina Lake, Grand Forks, Greenwood, Kaleden, Midway, Naramata, Okanagan Falls, Oliver, Osoyoos, Peachland, Rock Creek, Summerland, Westbridge, Osoyoos, Grand Forks",Vancouver,"Vancouver, British Columbia","Vancouver, BC"
V0J,Aiyansh,"Burns Lake, Cedarvale, Dome Creek, Dunster, Iskut, Endako, Fort Fraser, Fort St. James, Francois Lake, Fraser Lake, Germansen Landing, Granisle, Lax̱g̱altsʼap, Hazelton, Houston, Kitwanga, Longworth, Mackenzie, McBride, McLeod Lake, Manson Creek, New Hazelton, Penny, Smithers, Southbank, Summit Lake, Takla Landing, Telegraph Creek, Telkwa, Topley, Upper Fraser, Vanderhoof, Ware, Willow River, Crescent Spur, Bear Lake, Nass Camp, Sinclair Mills, Tsay Keh Dene, Meziadin Lake, Gitwinksihlkw, Smithers",Vancouver,"Vancouver, British Columbia","Vancouver, BC"
V0K,Lone Butte,"Ashcroft, Barkerville, Boston Bar, Bridge Lake, Buffalo Creek, Cache Creek, Canim Lake, Clinton, Eagle Creek, Forest Grove, Gang Ranch, Gold Bridge, Hixon, Lac La Hache, Lillooet, Logan Lake, Lone Butte, Lower Nicola, Lytton, 100 Mile House, 150 Mile House, Pavilion, Savona, 70 Mile House, Spences Bridge, Walhachin, Wells, Yale, 108 Mile Ranch",Vancouver,"Vancouver, British Columbia","Vancouver, BC"
V0L,Alexis Creek,"Alkali Lake, Anahim Lake, Big Lake Ranch, Chilanko Forks, Dog Creek, Hanceville, Horsefly, Kleena Kleene, Likely, McLeese Lake, Nimpo Lake, Redstone, Riske Creek, Tatla Lake, Tatlayoko Lake, Nemaiah Valley",Vancouver,"Vancouver, British Columbia","Vancouver, BC"
V0M,Agassiz,"Deroche, Dewdney, Harrison Hot Springs, Harrison Mills, Lake Errock",Vancouver,"Vancouver, British Columbia","Vancouver, BC"
V0N,Alert Bay,"Whistler, Blubber Bay, Bowen Island, Brackendale, Britannia Beach, Coal Harbour, D'Arcy, Dawsons Landing, Egmont, Galiano Island, Garden Bay, Garibaldi Highlands, Gibsons, Gillies Bay, Holberg, Kingcome Inlet, Lions Bay, Lund, Madeira Park, Pender Harbour, Mayne Island, Mount Currie, Pemberton, Pender Island, Port Alice, Port Hardy, Port McNeill, Port Mellon, Quatsino, Roberts Creek, Saturna, Sechelt, Seton Portage, Shalalth, Sointula, Telegraph Cove, Van Anda, Winter Harbour, Woss, Gibsons, Furry Creek",Vancouver,"Vancouver, British Columbia","Vancouver, BC"
V0P,Blind Channel,"Gold River, Heriot Bay, Kyuquot, Mansons Landing, Minstrel Island, Quathiaski Cove, Refuge Cove, Sayward, Simoom Sound, Squirrel Cove, Stuart Island, Surge Narrows, Tahsis, Whaletown, Zeballos",Vancouver,"Vancouver, British Columbia","Vancouver, BC"
V0R,Ahousat,"Bamfield, Bowser, Cassidy, Chemainus, Coombs, Cowichan Bay, Crofton, Cumberland, Denman Island, Errington, Fanny Bay, Gabriola, Honeymoon Bay, Hornby Island, Kildonan, Koksilah, Lake Cowichan, Lantzville, Lasqueti, Lazo, Malahat, Merville, Mesachie Lake, Royston, Thetis Island, Tofino, Ucluelet, Union Bay, Westholme, Youbou, Chemainus, Penelakut Island",Vancouver,"Vancouver, British Columbia","Vancouver, BC"
V0S,Port Renfrew,Port Renfrew,Vancouver,"Vancouver, British Columbia","Vancouver, BC"
V0T,Denny Island,"Bella Coola, Hagensborg, Klemtu, Masset, Ocean Falls, Port Clements, Daajing Giids, Sandspit, Stewart, Tlell, Bella Bella, Haisla",Vancouver,"Vancouver, British Columbia","Vancouver, BC"
V0V,Hartley Bay,"Kincolith, Kitkatla, Oona River, Port Edward, Lax Kw'alaams",Vancouver,"Vancouver, British Columbia","Vancouver, BC"
V0W,Fraser,"Atlin, Atlin",Vancouver,"Vancouver, British Columbia","Vancouver, BC"
V0X,Cawston,"Coalmont, Hedley, Hope, Keremeos, East Gate, Princeton, Rosedale, Tulameen, Princeton",Vancouver,"Vancouver, British Columbia","Vancouver, BC"
75001,Le Louvre,"Saint-Germain-l'Auxerrois, Les Halles, Le Palais-Royal, La Place-Vendôme",Paris,"Paris, France","Paris, France"
75002,La Bourse,"Gaillon, Vivienne, Le Mail, Bonne-Nouvelle",Paris,"Paris, France","Paris, France"
75003,Le Temple,"Les Arts-et-Métiers, Les Enfants-Rouges, Les Archives, Saint-Avoye",Paris,"Paris, France","Paris, France"
75004,L'Hôtel-de-Ville,"Saint-Merri, Saint-Gervais, L'Arsenal, Notre-Dame",Paris,"Paris, France","Paris, France"
75005,Le Panthéon,"Saint-Victor, Le Jardin-des-Plantes, Le Val-de-Grâce, La Sorbonne",Paris,"Paris, France","Paris, France"
75006,Le Luxembourg,"La Monnaie, L'Odéon, Notre-Dame-des-Champs, Saint-Germain-des-Prés",Paris,"Paris, France","Paris, France"
75007,Le Palais-Bourbon,"Saint-Thomas-d'Aquin, Les Invalides, L'École-Militaire, Le Gros-Caillou",Paris,"Paris, France","Paris, France"
75008,L'Élysée,"Les Champs-Élysées, Le Faubourg-du-Roule, La Madeleine, L'Europe",Paris,"Paris, France","Paris, France"
75009,L'Opéra,"Saint-Georges, La Chaussée-d'Antin, Le Faubourg-Montmartre, Rochechouart",Paris,"Paris, France","Paris, France"
75010,L'Enclos-Saint-Laurent,"Saint-Vincent-de-Paul, La Porte-Saint-Denis, La Porte-Saint-Martin, L'Hôpital-Saint-Louis",Paris,"Paris, France","Paris, France"
75011,Popincourt,"La Folie-Méricourt, Saint-Ambroise, La Roquette, Sainte-Marguerite",Paris,"Paris, France","Paris, France"
75012,Reuilly,"Le Bel-Air, Picpus, Bercy, Les Quinze-Vingts",Paris,"Paris, France","Paris, France"
75013,Les Gobelins,"La Salpêtrière, La Gare, La Maison-Blanche, Croulebarbe",Paris,"Paris, France","Paris, France"
75014,L'Observatoire,"Le Montparnasse, 2, Le Petit-Montrouge, La Plaisance",Paris,"Paris, France","Paris, France"
75015,Vaugirard,"Saint-Lambert, Necker, Grenelle, Javel",Paris,"Paris, France","Paris, France"
75016,Passy,"Auteuil, La Muette, La Porte-Dauphine, 3",Paris,"Paris, France","Paris, France"
75017,Les Batignolles-Monceau,"Les Ternes, La Plaine-Monceau, Batignolles, Les Épinettes",Paris,"Paris, France","Paris, France"
75018,La Butte-Montmartre,"Les Grandes-Carrières, Clignancourt, La Goutte-d'Or, La Chapelle",Paris,"Paris, France","Paris, France"
75019,Les Buttes-Chaumont,"La Villette, Le Pont-de-Flandre, Amérique, Le Combat",Paris,"Paris, France","Paris, France"
75020,Ménilmontant,"Belleville, Saint-Fargeau, Le Père-Lachaise, Charonne",Paris,"Paris, France","Paris, France"
